query_id,dataset,task_type,q_Qwen2.5-3B,c_Qwen2.5-3B,t_Qwen2.5-3B,q_Qwen2.5-7B,c_Qwen2.5-7B,t_Qwen2.5-7B,q_Qwen2.5-14B,c_Qwen2.5-14B,t_Qwen2.5-14B,q_DS-R1-Distill-14B,c_DS-R1-Distill-14B,t_DS-R1-Distill-14B
gsm8k_test_0001,gsm8k,math,0.0,6.48e-05,3531.3,1.0,8.057e-05,5362.2,1.0,0.00022092,5406.1,1.0,0.00038374,13217.0
gsm8k_test_0002,gsm8k,math,1.0,4.508e-05,2762.6,1.0,3.976e-05,3045.3,1.0,0.00017976,4680.1,1.0,0.00030212,9290.6
gsm8k_test_0003,gsm8k,math,1.0,8.016e-05,4230.7,1.0,9.121e-05,6044.4,1.0,0.00032284,7871.8,1.0,0.00298774,114497.7
gsm8k_test_0004,gsm8k,math,1.0,5.31e-05,3079.4,1.0,4.851e-05,3517.1,1.0,0.00019404,4947.2,1.0,0.00039298,13135.9
gsm8k_test_0005,gsm8k,math,1.0,6.932e-05,3611.5,1.0,8.827e-05,5633.1,1.0,0.00031444,7299.4,1.0,0.0005873,19009.8
gsm8k_test_0006,gsm8k,math,1.0,7.218e-05,3887.2,1.0,7.49e-05,5044.0,1.0,0.0002772,6781.0,1.0,0.00044576,14634.4
gsm8k_test_0007,gsm8k,math,1.0,6.056e-05,3400.6,1.0,7.504e-05,5118.4,1.0,0.00023296,5841.5,1.0,0.00048412,17569.7
gsm8k_test_0008,gsm8k,math,0.0,0.00010756,5392.6,0.0,0.00010752,6979.4,1.0,0.00032228,7753.1,1.0,0.00045612,16636.4
gsm8k_test_0009,gsm8k,math,0.0,0.00011532,4660.4,1.0,0.0001547,8772.2,1.0,0.00035448,7278.1,1.0,0.00054432,20795.6
gsm8k_test_0010,gsm8k,math,1.0,6.934e-05,2758.4,1.0,9.058e-05,5043.0,1.0,0.00024808,5075.6,1.0,0.00036064,13943.6
gsm8k_test_0011,gsm8k,math,1.0,8.364e-05,3394.3,1.0,8.33e-05,4605.6,1.0,0.00027076,5594.1,1.0,0.00067032,38732.3
gsm8k_test_0012,gsm8k,math,1.0,8.548e-05,3449.7,1.0,0.00010045,5620.6,1.0,0.00025284,5133.1,1.0,0.00070966,26430.3
gsm8k_test_0013,gsm8k,math,0.0,0.00010342,4236.8,0.0,9.611e-05,5348.1,0.0,0.00030632,6361.7,0.0,0.00067858,25034.0
gsm8k_test_0014,gsm8k,math,1.0,0.00010992,4546.8,1.0,0.00012348,7069.5,1.0,0.00036848,7861.6,1.0,0.00062916,24877.7
gsm8k_test_0015,gsm8k,math,1.0,9.086e-05,3742.7,1.0,9.45e-05,5322.5,1.0,0.00036344,7772.4,1.0,0.00049336,19396.7
gsm8k_test_0016,gsm8k,math,1.0,0.0001024,4163.9,1.0,0.00010836,6001.3,0.0,0.00034412,7021.6,1.0,0.00055468,22178.9
gsm8k_test_0017,gsm8k,math,1.0,5.396e-05,2110.5,1.0,4.837e-05,2512.6,1.0,0.00017892,3482.8,1.0,0.00065478,27687.5
gsm8k_test_0018,gsm8k,math,1.0,6.812e-05,2764.1,1.0,9.324e-05,5236.3,1.0,0.00023828,4837.8,1.0,0.00081116,32982.4
gsm8k_test_0019,gsm8k,math,1.0,6.528e-05,2718.2,1.0,7.385e-05,4179.5,1.0,0.00019068,3894.4,1.0,0.00040054,17479.3
gsm8k_test_0020,gsm8k,math,1.0,9.494e-05,3920.2,1.0,0.00013265,7639.2,1.0,0.00037884,8076.2,1.0,0.00037646,13973.4
gsm8k_test_0021,gsm8k,math,0.0,0.00012606,5259.2,1.0,0.00011879,6787.4,1.0,0.0002968,6179.5,1.0,0.00106106,38834.9
gsm8k_test_0022,gsm8k,math,0.0,4.408e-05,1726.7,0.0,5.152e-05,2732.8,1.0,0.00022484,4569.7,1.0,0.00027188,9785.8
gsm8k_test_0023,gsm8k,math,1.0,4.11e-05,1564.3,1.0,6.307e-05,3401.9,1.0,0.00017444,3390.8,1.0,0.00030338,19080.0
gsm8k_test_0024,gsm8k,math,1.0,5.054e-05,2020.7,1.0,5.782e-05,3143.3,1.0,0.00021392,4422.0,1.0,0.00026376,8669.5
gsm8k_test_0025,gsm8k,math,1.0,4.894e-05,1925.1,1.0,5.523e-05,2994.5,1.0,0.00019936,4038.4,1.0,0.0003633,12438.0
gsm8k_test_0026,gsm8k,math,1.0,7.202e-05,2859.4,1.0,0.00010458,5895.6,1.0,0.00030828,6383.9,1.0,0.0005544,21141.6
gsm8k_test_0027,gsm8k,math,1.0,7.252e-05,2876.3,1.0,9.429e-05,5283.6,1.0,0.00028084,5732.0,1.0,0.00092078,34786.8
gsm8k_test_0028,gsm8k,math,1.0,7.434e-05,2962.7,1.0,8.575e-05,4794.4,1.0,0.000273,5624.0,1.0,0.00033418,12773.4
gsm8k_test_0029,gsm8k,math,1.0,6.368e-05,2521.1,1.0,5.628e-05,3018.6,1.0,0.00025116,5158.4,1.0,0.00035924,12729.1
gsm8k_test_0030,gsm8k,math,1.0,5.624e-05,2135.3,1.0,8.253e-05,4538.8,1.0,0.0001792,3365.8,1.0,0.00025606,8878.8
gsm8k_test_0031,gsm8k,math,1.0,0.00011824,4938.1,1.0,6.643e-05,3675.0,1.0,0.00028336,5983.7,1.0,0.0005873,21882.6
gsm8k_test_0032,gsm8k,math,1.0,6.908e-05,2707.3,1.0,9.835e-05,5510.9,1.0,0.00026908,5483.9,1.0,0.00044954,17022.9
gsm8k_test_0033,gsm8k,math,1.0,5.412e-05,2124.3,1.0,5.285e-05,2833.7,1.0,0.0001974,3950.8,1.0,0.0003983,15310.5
gsm8k_test_0034,gsm8k,math,1.0,6.936e-05,2826.5,1.0,7.483e-05,4199.8,1.0,0.00027188,5765.6,1.0,0.00044842,16320.3
gsm8k_test_0035,gsm8k,math,1.0,5.302e-05,2078.9,1.0,6.797e-05,3753.3,1.0,0.00022512,4596.1,1.0,0.00046382,16391.0
gsm8k_test_0036,gsm8k,math,1.0,6.864e-05,2743.8,1.0,6.342e-05,3422.9,1.0,0.00026348,5463.4,1.0,0.00048216,16745.2
gsm8k_test_0037,gsm8k,math,1.0,7.146e-05,2890.3,1.0,6.482e-05,3548.9,1.0,0.00026964,5658.4,1.0,0.00054488,19087.2
gsm8k_test_0038,gsm8k,math,0.0,8.492e-05,3442.1,0.0,0.00010031,5625.2,0.0,0.00032536,6868.6,1.0,0.00078162,29735.6
gsm8k_test_0039,gsm8k,math,1.0,7.058e-05,2876.7,1.0,7.098e-05,3922.9,1.0,0.00029652,6292.1,1.0,0.00082712,31796.4
gsm8k_test_0040,gsm8k,math,1.0,0.00014294,5966.8,1.0,0.00011501,6487.0,1.0,0.00035756,7543.3,1.0,0.00071078,27447.8
gsm8k_test_0041,gsm8k,math,1.0,5.672e-05,2260.5,1.0,6.426e-05,3526.1,1.0,0.00020076,4062.7,1.0,0.00033712,13603.7
gsm8k_test_0042,gsm8k,math,1.0,7.672e-05,2930.6,0.0,8.61e-05,4504.9,1.0,0.00025956,4932.9,1.0,0.00090216,33372.6
gsm8k_test_0043,gsm8k,math,1.0,5.372e-05,2031.6,1.0,6.916e-05,3653.7,1.0,0.00019712,3764.5,1.0,0.0002982,10889.0
gsm8k_test_0044,gsm8k,math,1.0,0.00011054,4565.8,1.0,0.00010381,5864.8,1.0,0.00033572,7082.3,1.0,0.00050806,18718.6
gsm8k_test_0045,gsm8k,math,1.0,7.542e-05,2990.2,1.0,0.00010661,5963.6,1.0,0.00027468,5551.7,1.0,0.00033838,12521.9
gsm8k_test_0046,gsm8k,math,1.0,0.00010746,4334.8,1.0,9.044e-05,4899.2,1.0,0.00029288,5885.1,1.0,0.00051604,19063.9
gsm8k_test_0047,gsm8k,math,0.0,4.586e-05,1653.3,1.0,9.128e-05,4969.2,1.0,0.00031052,6310.5,1.0,0.00052668,19172.9
gsm8k_test_0048,gsm8k,math,1.0,9.36e-05,3837.8,1.0,0.00012068,6959.3,1.0,0.00037212,8020.0,1.0,0.00062972,23218.3
gsm8k_test_0049,gsm8k,math,1.0,4.816e-05,1889.4,1.0,4.109e-05,2135.1,1.0,0.00017108,3346.3,1.0,0.00031822,11532.0
gsm8k_test_0050,gsm8k,math,1.0,6.304e-05,2506.5,1.0,6.531e-05,3594.3,1.0,0.00022904,4709.2,1.0,0.00051506,23629.3
gsm8k_test_0051,gsm8k,math,1.0,6.664e-05,2677.3,1.0,8.505e-05,4830.8,1.0,0.0001862,3770.7,1.0,0.00068838,24442.2
gsm8k_test_0052,gsm8k,math,0.0,0.00012654,5277.4,1.0,6.937e-05,3831.9,1.0,0.00020048,4058.7,1.0,0.0003983,15947.3
gsm8k_test_0053,gsm8k,math,1.0,7.804e-05,3100.6,1.0,0.00010416,5902.6,1.0,0.0002982,6282.9,1.0,0.0004326,14930.3
gsm8k_test_0054,gsm8k,math,1.0,8.01e-05,3103.3,1.0,0.0001015,5574.5,1.0,0.00029456,5961.9,1.0,0.00058632,20998.7
gsm8k_test_0055,gsm8k,math,1.0,7.066e-05,2733.7,1.0,7.252e-05,3869.9,1.0,0.00023492,4643.0,1.0,0.00038556,13181.0
gsm8k_test_0056,gsm8k,math,1.0,3.662e-05,1333.9,1.0,3.164e-05,1506.6,1.0,0.0001848,3662.6,1.0,0.0003122,10768.4
gsm8k_test_0057,gsm8k,math,1.0,4.578e-05,1753.0,1.0,4.893e-05,2591.7,1.0,0.00016996,3325.1,1.0,0.00032494,11178.8
gsm8k_test_0058,gsm8k,math,1.0,0.00010402,4242.8,1.0,0.00011389,6424.1,1.0,0.00026208,5318.4,1.0,0.00061054,20846.0
gsm8k_test_0059,gsm8k,math,1.0,8.2e-05,3245.6,1.0,8.414e-05,4581.0,1.0,0.00026992,5462.8,1.0,0.000392,13329.4
gsm8k_test_0060,gsm8k,math,1.0,5.094e-05,2027.7,1.0,5.446e-05,2988.3,1.0,0.00018564,3817.8,1.0,0.0003752,13165.0
gsm8k_test_0061,gsm8k,math,1.0,7.198e-05,2949.5,1.0,5.404e-05,2938.6,1.0,0.00024948,5248.2,1.0,0.0005894,20373.4
gsm8k_test_0062,gsm8k,math,1.0,6.352e-05,2519.5,1.0,7.364e-05,4032.1,1.0,0.0001974,3880.3,1.0,0.00034636,11902.2
gsm8k_test_0063,gsm8k,math,0.0,0.00010018,4103.9,0.0,0.0001071,6042.7,0.0,0.0003906,8298.9,0.0,0.00215992,85257.0
gsm8k_test_0064,gsm8k,math,1.0,8.572e-05,3457.9,1.0,8.001e-05,4383.6,1.0,0.0002632,5341.1,1.0,0.00065422,25151.8
gsm8k_test_0065,gsm8k,math,1.0,0.00010168,4099.0,1.0,7.217e-05,3801.7,1.0,0.00021028,3947.5,1.0,0.0004347,17095.6
gsm8k_test_0066,gsm8k,math,1.0,5.338e-05,2088.0,1.0,9.135e-05,5153.6,1.0,0.00023604,4817.0,1.0,0.00029106,11763.2
gsm8k_test_0067,gsm8k,math,1.0,6.196e-05,2434.9,1.0,7.476e-05,4096.4,1.0,0.00027944,5753.2,1.0,0.0003766,14569.8
gsm8k_test_0068,gsm8k,math,1.0,9.868e-05,4056.8,1.0,8.008e-05,4442.1,1.0,0.00020776,4125.1,1.0,0.00080388,31131.2
gsm8k_test_0069,gsm8k,math,1.0,5.828e-05,2326.0,1.0,6.993e-05,3890.8,1.0,0.00024416,5123.4,1.0,0.00041286,16067.9
gsm8k_test_0070,gsm8k,math,1.0,6.226e-05,2453.7,1.0,5.754e-05,3082.9,1.0,0.00019796,3950.1,1.0,0.00028504,11028.5
gsm8k_test_0071,gsm8k,math,1.0,8.674e-05,3556.1,1.0,0.00010913,6217.8,1.0,0.00034608,7342.7,1.0,0.0007567,29393.6
gsm8k_test_0072,gsm8k,math,1.0,4.462e-05,1716.0,1.0,5.418e-05,2908.5,1.0,0.00018144,3615.5,1.0,0.00030128,11432.8
gsm8k_test_0073,gsm8k,math,1.0,7.006e-05,2831.6,1.0,6.44e-05,3499.6,1.0,0.00020916,4206.8,1.0,0.00038388,14805.9
gsm8k_test_0074,gsm8k,math,1.0,6.932e-05,2809.7,1.0,8.505e-05,4775.9,1.0,0.0002758,5789.3,1.0,0.0004347,17505.2
gsm8k_test_0075,gsm8k,math,1.0,8.584e-05,3336.7,1.0,7.448e-05,3796.4,1.0,0.00025564,4784.9,1.0,0.00076132,30098.1
gsm8k_test_0076,gsm8k,math,0.0,6.838e-05,2720.6,1.0,9.1e-05,5050.3,1.0,0.00032368,6736.6,1.0,0.00091924,36131.5
gsm8k_test_0077,gsm8k,math,1.0,0.00010286,4161.8,1.0,0.00011907,6668.6,1.0,0.0003724,7726.6,1.0,0.0006013,23585.0
gsm8k_test_0078,gsm8k,math,1.0,5.854e-05,2357.2,1.0,8.505e-05,4774.7,1.0,0.00028672,5979.0,1.0,0.00065142,24111.3
gsm8k_test_0079,gsm8k,math,1.0,8.372e-05,3438.5,1.0,8.547e-05,4809.7,1.0,0.00025172,5194.9,1.0,0.00158914,59053.4
gsm8k_test_0080,gsm8k,math,1.0,4.926e-05,1904.7,1.0,5.222e-05,2762.9,1.0,0.0001792,3500.7,1.0,0.00044464,16064.9
gsm8k_test_0081,gsm8k,math,1.0,5.574e-05,2223.3,1.0,6.699e-05,3728.0,1.0,0.00028308,6062.0,1.0,0.00065898,23367.6
gsm8k_test_0082,gsm8k,math,1.0,6.048e-05,2372.8,1.0,7.679e-05,4219.9,1.0,0.00020496,4073.7,1.0,0.00037226,13683.4
gsm8k_test_0083,gsm8k,math,1.0,4.708e-05,1843.4,1.0,8.12e-05,4624.2,1.0,0.00019684,4075.6,1.0,0.00052892,19264.7
gsm8k_test_0084,gsm8k,math,1.0,4.038e-05,1545.3,1.0,5.67e-05,3112.6,1.0,0.0001512,2994.8,1.0,0.00047824,17946.0
gsm8k_test_0085,gsm8k,math,1.0,6.058e-05,2437.6,1.0,7.238e-05,4123.0,1.0,0.0002422,5196.5,1.0,0.00036288,14410.7
gsm8k_test_0086,gsm8k,math,0.0,6.148e-05,2335.8,1.0,6.951e-05,3693.9,1.0,0.00019068,3608.4,1.0,0.00028994,11270.4
gsm8k_test_0087,gsm8k,math,1.0,5.914e-05,2225.8,0.0,7.322e-05,3910.6,1.0,0.00019544,3683.9,1.0,0.00075208,27465.3
gsm8k_test_0088,gsm8k,math,0.0,0.000107,4307.6,0.0,0.00012887,7382.9,0.0,0.0002954,6026.2,1.0,0.00111706,40563.8
gsm8k_test_0089,gsm8k,math,1.0,4.856e-05,1880.6,1.0,5.754e-05,3164.3,1.0,0.00019208,3893.3,1.0,0.00033712,12294.9
gsm8k_test_0090,gsm8k,math,0.0,5.202e-05,1998.9,0.0,8.736e-05,4970.3,0.0,0.00024528,5040.0,1.0,0.00046844,17087.8
gsm8k_test_0091,gsm8k,math,1.0,7.332e-05,2826.8,1.0,8.652e-05,4750.7,1.0,0.00027216,5445.4,1.0,0.00036652,13199.4
gsm8k_test_0092,gsm8k,math,1.0,5.866e-05,2329.3,1.0,7.91e-05,4508.9,1.0,0.00019768,3996.0,1.0,0.00030072,11357.5
gsm8k_test_0093,gsm8k,math,1.0,9.036e-05,3663.8,1.0,9.527e-05,5438.3,1.0,0.00029932,6279.9,1.0,0.00044058,15789.2
gsm8k_test_0094,gsm8k,math,0.0,0.0001425,5848.4,1.0,5.95e-05,3088.3,1.0,0.000364,7603.5,1.0,0.00045696,16018.9
gsm8k_test_0095,gsm8k,math,1.0,8.442e-05,3403.2,1.0,7.175e-05,3981.4,1.0,0.00028,5865.8,1.0,0.00057498,20953.3
gsm8k_test_0096,gsm8k,math,1.0,5.528e-05,2167.5,1.0,0.00010164,5859.3,1.0,0.00030268,6466.3,1.0,0.00054572,20072.5
gsm8k_test_0097,gsm8k,math,1.0,4.478e-05,1735.7,1.0,6.874e-05,3868.8,1.0,0.00016464,3307.4,1.0,0.00034832,12904.1
gsm8k_test_0098,gsm8k,math,1.0,6.59e-05,2594.4,1.0,8.652e-05,4871.3,1.0,0.00025984,5441.4,1.0,0.00042196,15559.3
gsm8k_test_0099,gsm8k,math,0.0,6.666e-05,2522.8,1.0,8.666e-05,4697.2,1.0,0.00032368,6644.7,1.0,0.00073248,27058.6
gsm8k_test_0100,gsm8k,math,0.0,7.462e-05,2917.6,1.0,0.000112,6299.9,1.0,0.00032732,6798.9,1.0,0.00030884,11516.0
mbpp_0001,mbpp,code,1.0,7.218e-05,2898.2,1.0,0.00010045,5756.4,1.0,0.00032536,7045.0,1.0,0.0021791,85307.3
mbpp_0002,mbpp,code,1.0,9.898e-05,3796.3,1.0,0.000105,5611.3,1.0,0.000357,7144.5,1.0,0.00059668,21582.6
mbpp_0003,mbpp,code,1.0,4.364e-05,1692.0,1.0,4.319e-05,2288.4,1.0,0.00019908,4117.5,1.0,0.00044562,16416.0
mbpp_0004,mbpp,code,1.0,8.386e-05,3369.7,1.0,9.695e-05,5520.5,1.0,0.00030576,6476.8,1.0,0.00198786,77118.5
mbpp_0005,mbpp,code,1.0,7.646e-05,2974.7,1.0,8.652e-05,4729.7,1.0,0.0003276,6903.8,1.0,0.00061516,22245.3
mbpp_0006,mbpp,code,1.0,8.5e-05,3485.5,1.0,7.812e-05,4440.9,1.0,0.0002702,5830.6,1.0,0.00282492,114768.3
mbpp_0007,mbpp,code,1.0,0.00014716,6213.0,1.0,0.00018886,11382.7,1.0,0.0003556,7908.2,1.0,0.00518728,225348.9
mbpp_0008,mbpp,code,1.0,6.326e-05,2462.3,1.0,7.434e-05,4096.4,1.0,0.00029372,6244.0,1.0,0.00059472,22248.3
mbpp_0009,mbpp,code,0.0,0.00019228,7855.4,1.0,0.00022197,12964.6,1.0,0.00056952,12124.2,0.0,0.00785806,360047.2
mbpp_0010,mbpp,code,0.0,0.00017044,6176.5,0.0,0.00025963,14131.7,0.0,0.0006832,13091.0,1.0,0.0063917,286111.8
mbpp_0011,mbpp,code,1.0,5.182e-05,2007.4,1.0,5.768e-05,3136.8,1.0,0.00019936,4064.9,1.0,0.00031948,13574.2
mbpp_0012,mbpp,code,1.0,8.692e-05,3353.3,1.0,9.296e-05,5090.3,1.0,0.00032676,6645.7,1.0,0.00118916,52637.5
mbpp_0013,mbpp,code,0.0,0.00012542,4807.2,0.0,0.00013132,7083.7,0.0,0.00045472,9056.6,0.0,0.0057274,267725.9
mbpp_0014,mbpp,code,1.0,6.406e-05,2539.7,1.0,4.949e-05,2639.6,1.0,0.00022904,4704.2,1.0,0.00055678,23798.9
mbpp_0015,mbpp,code,1.0,6.438e-05,2600.0,1.0,4.774e-05,2578.6,1.0,0.00019684,4099.6,1.0,0.0003556,16755.2
mbpp_0016,mbpp,code,1.0,8.392e-05,3416.4,1.0,8.876e-05,5118.7,1.0,0.0003024,6524.6,1.0,0.00585004,270124.2
mbpp_0017,mbpp,code,1.0,0.0001059,4424.7,1.0,0.00014028,8410.3,1.0,0.00039368,8736.5,1.0,0.00210476,104012.7
mbpp_0018,mbpp,code,0.0,9.948e-05,3745.8,0.0,0.0001197,6464.1,1.0,0.00037912,7457.9,1.0,0.00174832,78926.1
mbpp_0019,mbpp,code,0.0,8.464e-05,3398.2,0.0,0.00013797,8127.2,1.0,0.00055328,12397.7,1.0,0.00150262,66423.9
mbpp_0020,mbpp,code,1.0,7.316e-05,2863.4,1.0,8.743e-05,4888.8,1.0,0.00022876,4510.8,1.0,0.0006013,25497.0
mbpp_0021,mbpp,code,1.0,6.838e-05,2817.0,1.0,6.51e-05,3655.8,1.0,0.00025284,5413.9,1.0,0.00058128,25977.0
mbpp_0022,mbpp,code,1.0,8.396e-05,3232.3,1.0,9.632e-05,5218.0,1.0,0.00029484,5753.1,1.0,0.00058436,23850.3
mbpp_0023,mbpp,code,0.0,7.29e-05,2946.7,0.0,8.61e-05,4904.6,1.0,0.0003066,6545.1,1.0,0.0048132,211253.1
mbpp_0024,mbpp,code,0.0,9.738e-05,3696.0,0.0,0.00011515,6225.2,1.0,0.00037464,7481.4,1.0,0.00087066,34921.2
mbpp_0025,mbpp,code,1.0,0.00010736,4467.5,1.0,0.00011382,6668.4,1.0,0.00030716,6612.6,1.0,0.00173768,74093.5
mbpp_0026,mbpp,code,1.0,4.972e-05,1977.6,1.0,6.097e-05,3435.8,1.0,0.00019236,3959.3,1.0,0.0003479,15565.0
mbpp_0027,mbpp,code,1.0,8.558e-05,3338.4,1.0,9.128e-05,4969.5,1.0,0.00030296,6160.1,1.0,0.00067172,28144.4
mbpp_0028,mbpp,code,0.0,0.00015972,6285.4,0.0,0.00019026,10654.7,0.0,0.00050764,10284.6,1.0,0.00369824,165353.4
mbpp_0029,mbpp,code,1.0,7.972e-05,3186.6,1.0,9.226e-05,5213.9,1.0,0.00037884,8227.4,1.0,0.00090272,39845.7
mbpp_0030,mbpp,code,1.0,7.936e-05,3133.5,1.0,8.694e-05,4811.5,1.0,0.0002716,5574.8,1.0,0.00054432,24101.6
mbpp_0031,mbpp,code,1.0,6.11e-05,2323.9,1.0,8.162e-05,4486.7,1.0,0.00025228,5082.0,1.0,0.0004676,21159.7
mbpp_0032,mbpp,code,0.0,8.25e-05,3336.3,1.0,0.00010094,5809.1,1.0,0.00028448,6081.2,1.0,0.00148568,66849.9
mbpp_0033,mbpp,code,0.0,0.00013818,5510.8,0.0,0.00014168,7946.4,1.0,0.00034832,6878.4,1.0,0.00148652,65518.2
mbpp_0034,mbpp,code,1.0,7.49e-05,3029.9,1.0,7.672e-05,4324.8,1.0,0.00029064,6229.8,1.0,0.0003626,15463.6
mbpp_0035,mbpp,code,1.0,6.832e-05,2753.4,1.0,9.135e-05,5321.5,1.0,0.00040124,8958.7,1.0,0.0006321,29266.3
mbpp_0036,mbpp,code,1.0,6.808e-05,2694.3,0.0,7.609e-05,4242.0,0.0,0.0002744,5852.5,1.0,0.00126294,54910.1
mbpp_0037,mbpp,code,1.0,9.58e-05,3775.6,1.0,8.778e-05,4747.8,1.0,0.00027804,5536.0,1.0,0.00223384,103349.8
mbpp_0038,mbpp,code,0.0,6.478e-05,2619.7,1.0,6.223e-05,3488.6,1.0,0.00024976,5466.1,1.0,0.00045178,18003.8
mbpp_0039,mbpp,code,1.0,0.00011502,4350.3,1.0,0.00014546,7972.3,1.0,0.00044072,8820.8,1.0,0.00080192,31367.8
mbpp_0040,mbpp,code,1.0,0.00010048,4140.0,1.0,0.00010948,6380.6,1.0,0.00025032,5316.4,1.0,0.00094892,40010.9
mbpp_0041,mbpp,code,0.0,4.636e-05,1793.3,0.0,0.00011823,6989.0,1.0,0.00019096,3969.5,1.0,0.00113554,53195.6
mbpp_0042,mbpp,code,0.0,0.00010734,4074.6,1.0,0.00011004,5810.5,1.0,0.00037352,7273.2,1.0,0.00049644,20601.2
mbpp_0043,mbpp,code,1.0,8.626e-05,3429.9,1.0,7.833e-05,4301.2,1.0,0.00028728,6016.2,1.0,0.00060494,28813.6
mbpp_0044,mbpp,code,1.0,0.00012908,4936.0,1.0,0.00013244,7053.0,1.0,0.00042644,8383.2,1.0,0.00058828,26946.2
mbpp_0045,mbpp,code,1.0,0.00014804,5669.3,0.0,0.00015554,8312.5,1.0,0.00052556,10488.1,1.0,0.0011004,49104.7
mbpp_0046,mbpp,code,1.0,8.092e-05,3225.0,1.0,9.093e-05,5099.7,1.0,0.00031584,6669.9,1.0,0.00059766,26322.5
mbpp_0047,mbpp,code,1.0,8.494e-05,3466.6,1.0,8.89e-05,5071.3,1.0,0.00034104,7483.0,1.0,0.00104664,47639.5
mbpp_0048,mbpp,code,1.0,0.0001164,4694.1,1.0,7.987e-05,4270.4,1.0,0.00028168,5617.4,1.0,0.00072394,30912.0
mbpp_0049,mbpp,code,1.0,6.534e-05,2641.9,1.0,9.793e-05,5646.9,0.0,0.00029736,6565.8,1.0,0.00065366,31551.3
mbpp_0050,mbpp,code,1.0,0.0001049,4266.9,1.0,0.00013713,7882.8,1.0,0.00038892,8479.1,1.0,0.00372302,194380.8
mbpp_0051,mbpp,code,0.0,7.348e-05,2955.9,1.0,9.534e-05,5420.9,1.0,0.000266,5702.0,1.0,0.00061488,30234.9
mbpp_0052,mbpp,code,1.0,0.00016026,6235.3,1.0,0.00019299,10529.0,1.0,0.0005222,10547.1,1.0,0.00129514,63933.6
mbpp_0053,mbpp,code,0.0,0.00011984,4887.4,0.0,0.00011627,6478.9,0.0,0.00046032,10076.0,0.0,0.00135786,68721.0
mbpp_0054,mbpp,code,0.0,8.952e-05,3592.2,1.0,0.00014217,8121.5,1.0,0.00043624,9515.4,1.0,0.00307902,164314.5
mbpp_0055,mbpp,code,0.0,9.744e-05,4015.5,0.0,0.00013363,7699.4,0.0,0.0003192,6815.3,0.0,0.0126833,651952.9
mbpp_0056,mbpp,code,1.0,6.36e-05,2452.8,1.0,6.405e-05,3307.0,1.0,0.0002394,4789.3,1.0,0.00056462,26890.7
mbpp_0057,mbpp,code,1.0,0.00012636,5305.0,1.0,8.316e-05,4671.5,1.0,0.00026516,5664.9,1.0,0.0007658,42664.2
mbpp_0058,mbpp,code,1.0,8.278e-05,3368.7,1.0,9.142e-05,5114.7,1.0,0.00029876,6370.5,1.0,0.00087808,49473.5
mbpp_0059,mbpp,code,1.0,6.226e-05,2491.9,1.0,8.946e-05,5069.9,1.0,0.000266,5739.1,1.0,0.00071456,38969.2
mbpp_0060,mbpp,code,0.0,0.0001278,5194.8,0.0,0.00013538,7502.3,0.0,0.00043568,9341.7,0.0,0.00755664,373369.2
mbpp_0061,mbpp,code,1.0,4.82e-05,1871.4,1.0,6.349e-05,3497.9,1.0,0.00025984,5594.7,1.0,0.00058702,29676.3
mbpp_0062,mbpp,code,1.0,7.668e-05,3062.4,1.0,0.00011361,6562.8,1.0,0.00027132,5725.9,1.0,0.00106134,49958.5
mbpp_0063,mbpp,code,0.0,0.00010622,4403.2,1.0,0.00013209,7669.5,1.0,0.00052584,11948.5,1.0,0.00203238,97659.1
mbpp_0064,mbpp,code,1.0,0.00013278,5378.4,1.0,0.00017661,10093.2,1.0,0.00050848,10966.8,1.0,0.00341614,164459.3
mbpp_0065,mbpp,code,1.0,0.00010458,4073.6,1.0,0.00012292,6648.8,1.0,0.0003752,7625.7,1.0,0.00091028,41145.2
mbpp_0066,mbpp,code,1.0,8.92e-05,3638.5,0.0,0.00012523,7205.3,1.0,0.0003318,7135.2,1.0,0.00256242,127342.9
mbpp_0067,mbpp,code,1.0,9.332e-05,3862.9,1.0,8.407e-05,4696.2,0.0,0.00025452,5368.9,1.0,0.0006853,33237.3
mbpp_0068,mbpp,code,1.0,8.68e-05,3655.1,0.0,7.819e-05,4454.5,1.0,0.00029372,6538.4,1.0,0.00108122,53739.4
mbpp_0069,mbpp,code,0.0,0.00026412,9638.0,1.0,0.00035966,18891.0,1.0,0.00102956,19534.7,1.0,0.0010976,51629.3
mbpp_0070,mbpp,code,1.0,5.91e-05,2319.4,1.0,8.904e-05,5056.2,1.0,0.00020972,4352.8,1.0,0.00049476,28458.9
mbpp_0071,mbpp,code,1.0,7.932e-05,2965.9,1.0,0.00010605,5686.7,1.0,0.00032788,6536.6,0.0,0.00511238,256483.2
mbpp_0072,mbpp,code,1.0,7.716e-05,3163.7,1.0,7.322e-05,4140.4,1.0,0.00027188,5915.4,1.0,0.0019544,101793.4
mbpp_0073,mbpp,code,0.0,0.00013562,5560.7,1.0,0.00013482,7623.6,1.0,0.0003948,8310.8,1.0,0.00219744,118358.3
mbpp_0074,mbpp,code,0.0,0.00012118,5046.0,1.0,0.0001638,9619.1,1.0,0.00046816,10371.0,0.0,0.00358708,169913.6
mbpp_0075,mbpp,code,0.0,0.00010312,4162.7,1.0,9.436e-05,5162.6,1.0,0.00026516,5303.7,1.0,0.0008022,41554.4
mbpp_0076,mbpp,code,0.0,0.00010184,4223.3,1.0,8.351e-05,4691.7,1.0,0.00029652,6329.0,1.0,0.00037114,17366.4
mbpp_0077,mbpp,code,0.0,0.0001327,5439.1,0.0,0.00018515,10708.4,1.0,0.00050372,10872.1,0.0,0.0034601,152341.7
mbpp_0078,mbpp,code,1.0,4.614e-05,1788.6,1.0,8.155e-05,4595.7,1.0,0.00022036,4571.0,1.0,0.00040026,15688.9
mbpp_0079,mbpp,code,1.0,9e-05,3486.9,1.0,9.562e-05,5057.4,1.0,0.00036904,7423.9,1.0,0.00052136,21926.6
mbpp_0080,mbpp,code,1.0,5.396e-05,2156.7,1.0,6.86e-05,3823.5,1.0,0.00026236,5625.3,1.0,0.0003906,18167.0
mbpp_0081,mbpp,code,0.0,9.516e-05,3730.0,1.0,9.758e-05,5278.1,1.0,0.00026908,5229.0,1.0,0.00053816,22369.1
mbpp_0082,mbpp,code,1.0,7.228e-05,2899.6,1.0,6.552e-05,3584.1,1.0,0.000238,4975.9,1.0,0.00049532,19125.0
mbpp_0083,mbpp,code,0.0,7.642e-05,3132.9,0.0,7.623e-05,4319.6,1.0,0.00025452,5490.3,1.0,0.00077042,35940.9
mbpp_0084,mbpp,code,0.0,6.65e-05,2641.2,0.0,7.833e-05,4374.3,0.0,0.00027468,5837.2,0.0,0.00212422,97765.4
mbpp_0085,mbpp,code,1.0,6.462e-05,2567.0,1.0,7.259e-05,4033.2,1.0,0.0002716,5787.8,1.0,0.0018361,84187.1
mbpp_0086,mbpp,code,1.0,0.00013376,5469.4,1.0,0.00015729,9120.7,1.0,0.00049196,10783.1,1.0,0.00124614,53295.8
mbpp_0087,mbpp,code,1.0,8.528e-05,3423.0,1.0,8.96e-05,5048.1,1.0,0.00025928,5406.4,1.0,0.00271124,116897.4
mbpp_0088,mbpp,code,0.0,0.0001622,7021.4,0.0,0.00013321,7782.8,0.0,0.00048048,10683.6,0.0,0.00645414,283130.4
mbpp_0089,mbpp,code,1.0,0.00011226,4561.1,0.0,0.00017815,10811.9,0.0,0.00031948,6697.5,1.0,0.00271418,115469.5
mbpp_0090,mbpp,code,1.0,0.00013026,5463.7,0.0,9.744e-05,5659.1,1.0,0.00038696,8559.0,1.0,0.00336084,142095.7
mbpp_0091,mbpp,code,1.0,6.748e-05,2702.1,1.0,9.394e-05,5410.9,1.0,0.00033656,7301.2,1.0,0.00152376,64403.0
mbpp_0092,mbpp,code,0.0,0.00013484,5578.8,0.0,0.00012523,7062.2,1.0,0.00038444,8109.1,0.0,0.01863386,993394.2
mbpp_0093,mbpp,code,0.0,7.462e-05,2930.6,0.0,0.00012159,6991.5,1.0,0.0003738,8942.4,1.0,0.00103194,44787.2
mbpp_0094,mbpp,code,1.0,9.6e-05,3730.4,0.0,0.00013412,7889.5,1.0,0.00038472,8659.0,1.0,0.00099708,42814.5
mbpp_0095,mbpp,code,1.0,0.00010896,4697.4,1.0,0.00010367,6349.4,1.0,0.00035308,8549.5,1.0,0.00125986,57857.8
mbpp_0096,mbpp,code,0.0,8.12e-05,3450.6,0.0,9.24e-05,5603.0,1.0,0.00026488,6523.7,1.0,0.0015722,72569.1
mbpp_0097,mbpp,code,1.0,0.00013574,5970.5,1.0,0.0001302,8046.7,1.0,0.00035952,8980.7,1.0,0.00394324,181285.9
mbpp_0098,mbpp,code,1.0,4.644e-05,2019.0,1.0,6.356e-05,3960.8,1.0,0.00023492,6066.5,1.0,0.00045388,19169.9
mbpp_0099,mbpp,code,0.0,0.0001667,7374.6,1.0,0.00020258,12527.4,1.0,0.00056868,14158.9,1.0,0.00801136,414489.0
mbpp_0100,mbpp,code,,0.00067508,20974.7,,0.00083538,37510.9,0.0,0.00150556,12677.1,0.0,0.0075264,364291.1
humaneval_0001,humaneval,code,1.0,0.00015036,5743.4,1.0,0.0001918,10342.9,1.0,0.00056056,11209.1,1.0,0.00199612,110474.9
humaneval_0002,humaneval,code,0.0,0.00014042,5703.3,1.0,0.00016177,9143.5,1.0,0.00039368,8035.9,1.0,0.00397558,222433.5
humaneval_0003,humaneval,code,1.0,0.00010856,4399.3,0.0,0.0001057,5827.0,1.0,0.000308,6416.7,1.0,0.0006468,34520.4
humaneval_0004,humaneval,code,1.0,0.00014206,5680.7,1.0,0.00013335,7086.1,1.0,0.00047264,9870.4,1.0,0.00079842,44422.5
humaneval_0005,humaneval,code,1.0,0.0001207,4760.4,1.0,0.00013965,7598.4,1.0,0.00042588,8850.9,1.0,0.00074438,41378.6
humaneval_0006,humaneval,code,1.0,0.00011686,4769.8,1.0,0.00013825,7832.5,1.0,0.0003584,7578.8,1.0,0.00088438,48344.1
humaneval_0007,humaneval,code,1.0,0.0001302,5338.9,1.0,0.00014931,8515.9,1.0,0.00042224,8865.5,1.0,0.00279034,154378.5
humaneval_0008,humaneval,code,1.0,0.0001278,5110.3,1.0,0.00010738,5668.7,1.0,0.0003696,7281.8,1.0,0.0009184,48620.1
humaneval_0009,humaneval,code,1.0,0.0001176,4638.4,1.0,0.00013475,7450.7,1.0,0.00036484,7088.9,1.0,0.00075586,39607.0
humaneval_0010,humaneval,code,1.0,0.0001273,5096.0,1.0,0.00013286,7358.2,1.0,0.00035616,6838.7,1.0,0.00105896,58535.6
humaneval_0011,humaneval,code,0.0,0.0001534,6294.0,1.0,0.00016191,9253.8,0.0,0.00053788,11423.3,1.0,0.00165186,92381.4
humaneval_0012,humaneval,code,1.0,0.0001214,4963.4,1.0,0.00011536,6447.5,1.0,0.00040796,8508.1,1.0,0.00161308,102640.5
humaneval_0013,humaneval,code,1.0,0.00011402,4630.3,0.0,0.00010535,5831.1,1.0,0.00032144,6332.8,1.0,0.00105882,59891.4
humaneval_0014,humaneval,code,1.0,0.000127,5330.0,1.0,0.00011417,6513.0,1.0,0.00034216,6943.3,1.0,0.00125062,74080.6
humaneval_0015,humaneval,code,1.0,9.73e-05,4010.4,1.0,0.00011571,6772.7,1.0,0.00026964,5507.1,1.0,0.00071274,43881.7
humaneval_0016,humaneval,code,1.0,8.33e-05,3313.9,1.0,8.631e-05,4777.2,1.0,0.0003178,6629.7,1.0,0.00066906,41619.4
humaneval_0017,humaneval,code,1.0,9.534e-05,3860.1,1.0,9.009e-05,5017.8,1.0,0.0003206,6627.9,1.0,0.00143654,89912.3
humaneval_0018,humaneval,code,0.0,0.00014594,5685.4,1.0,0.00014777,7866.0,0.0,0.00037912,6839.5,1.0,0.00141806,87126.9
humaneval_0019,humaneval,code,1.0,0.0001401,5914.5,1.0,0.00014616,8482.1,1.0,0.00043568,9303.2,1.0,0.00124964,81522.5
humaneval_0020,humaneval,code,0.0,0.0001236,5038.5,0.0,0.00015687,9050.1,1.0,0.00049112,10434.4,1.0,0.00089866,47576.3
humaneval_0021,humaneval,code,1.0,0.00016584,6498.7,1.0,0.00018305,9835.7,1.0,0.00057092,10998.5,1.0,0.00366198,167849.3
humaneval_0022,humaneval,code,1.0,0.00018122,7245.2,1.0,0.00017283,9277.8,1.0,0.00059976,11871.2,1.0,0.0017969,72458.3
humaneval_0023,humaneval,code,1.0,0.00010634,4333.8,1.0,0.00010115,5509.5,1.0,0.00031752,6251.1,1.0,0.0009009,34360.3
humaneval_0024,humaneval,code,1.0,9.014e-05,3806.7,1.0,8.134e-05,4588.4,1.0,0.00019432,3789.4,1.0,0.0003976,15910.0
humaneval_0025,humaneval,code,0.0,0.0001106,4681.8,1.0,0.00012229,7209.4,1.0,0.00034972,7391.3,1.0,0.00209678,91609.7
humaneval_0026,humaneval,code,1.0,0.00017892,7206.1,1.0,0.00021182,12083.4,1.0,0.0005054,9950.7,1.0,0.00224616,97975.5
humaneval_0027,humaneval,code,1.0,0.00013244,5516.7,1.0,0.0001246,7183.3,1.0,0.00033124,6852.4,1.0,0.00263732,118512.9
humaneval_0028,humaneval,code,1.0,9.378e-05,3869.5,1.0,8.246e-05,4626.1,0.0,0.00028924,6140.1,1.0,0.00077616,35308.4
humaneval_0029,humaneval,code,1.0,0.00011162,4676.8,1.0,6.79e-05,3654.6,1.0,0.00023828,4780.5,1.0,0.00045248,19675.4
humaneval_0030,humaneval,code,1.0,0.00012096,4997.6,1.0,7.791e-05,4283.1,1.0,0.00030324,6267.8,1.0,0.00067074,27736.9
humaneval_0031,humaneval,code,1.0,9.92e-05,3786.0,1.0,0.00010766,5824.1,1.0,0.00031668,6084.0,1.0,0.00053032,21632.4
humaneval_0032,humaneval,code,1.0,0.0001406,5578.3,1.0,0.00017675,10089.1,1.0,0.00044128,8962.9,1.0,0.00127218,53437.2
humaneval_0033,humaneval,code,0.0,0.00018402,7184.8,0.0,0.00024269,13659.6,0.0,0.0006706,13601.3,0.0,0.0092743,428400.1
humaneval_0034,humaneval,code,0.0,0.00017364,6291.1,0.0,0.00022148,11590.1,0.0,0.0008918,18024.2,1.0,0.00142268,58132.5
humaneval_0035,humaneval,code,1.0,8.198e-05,3213.9,1.0,8.946e-05,4977.2,1.0,0.00025004,4937.6,1.0,0.00078848,33167.9
humaneval_0036,humaneval,code,0.0,0.00011958,4854.2,1.0,8.372e-05,4518.0,1.0,0.0002114,3843.0,1.0,0.00048748,19578.9
humaneval_0037,humaneval,code,1.0,0.00014652,5966.9,1.0,0.00012838,7077.8,1.0,0.00044828,9253.5,1.0,0.00145376,63468.8
humaneval_0038,humaneval,code,0.0,0.00012238,4593.7,1.0,0.00016807,9084.6,1.0,0.00053312,10652.2,1.0,0.00161266,71146.5
humaneval_0039,humaneval,code,1.0,0.0001411,5617.8,0.0,0.00014336,7831.9,0.0,0.00048076,9837.7,0.0,0.00235396,105242.5
humaneval_0040,humaneval,code,1.0,0.0001512,6131.9,1.0,0.00016548,9230.0,1.0,0.00054096,11376.9,1.0,0.00231252,101045.5
humaneval_0041,humaneval,code,1.0,0.00015588,6074.7,1.0,0.00021784,12099.1,1.0,0.0005362,10627.6,1.0,0.00304108,135920.9
humaneval_0042,humaneval,code,1.0,0.00010194,3951.0,1.0,9.338e-05,4808.7,1.0,0.00032676,6315.1,1.0,0.00083272,34354.1
humaneval_0043,humaneval,code,1.0,9.814e-05,3764.1,1.0,8.911e-05,4532.3,1.0,0.00034664,6862.6,1.0,0.00058954,26569.9
humaneval_0044,humaneval,code,1.0,0.00013002,4861.4,1.0,0.00014364,7332.7,1.0,0.00043764,8148.2,1.0,0.002429,115614.9
humaneval_0045,humaneval,code,1.0,0.00017792,7296.0,1.0,0.0001491,8224.2,1.0,0.00042532,8672.4,1.0,0.00127512,60629.7
humaneval_0046,humaneval,code,1.0,8.922e-05,3685.1,1.0,6.923e-05,3745.7,1.0,0.00029428,6291.0,1.0,0.00064498,32095.6
humaneval_0047,humaneval,code,1.0,0.00012362,4866.7,1.0,0.00016457,9209.9,1.0,0.00043624,8916.8,1.0,0.00247814,121013.7
humaneval_0048,humaneval,code,1.0,0.00015086,6170.3,1.0,0.00013447,7461.9,1.0,0.00039172,8042.8,1.0,0.00173642,84612.7
humaneval_0049,humaneval,code,1.0,0.0001394,5746.4,1.0,9.947e-05,5449.8,1.0,0.00029344,5881.9,1.0,0.00083986,42051.8
humaneval_0050,humaneval,code,1.0,0.0001332,5244.8,0.0,0.00017759,10082.9,1.0,0.00044604,9159.5,1.0,0.0012257,58649.6
humaneval_0051,humaneval,code,1.0,0.00012836,5165.2,1.0,0.0001393,7914.4,0.0,0.00035,7171.7,0.0,0.00080304,39504.7
humaneval_0052,humaneval,code,1.0,0.00013088,5192.5,1.0,9.66e-05,5002.0,1.0,0.00029288,5452.5,1.0,0.00096572,39199.6
humaneval_0053,humaneval,code,1.0,0.00011488,4458.0,1.0,0.00011179,5955.5,1.0,0.00038556,7710.9,1.0,0.00057218,20437.2
humaneval_0054,humaneval,code,0.0,0.00010002,3934.6,1.0,0.00010934,5995.6,1.0,0.00031696,6262.3,1.0,0.00042616,15026.0
humaneval_0055,humaneval,code,1.0,9.3e-05,3411.6,0.0,0.00012089,6366.7,1.0,0.00039592,7602.7,1.0,0.00100534,37045.9
humaneval_0056,humaneval,code,1.0,0.00012012,5019.9,1.0,0.00013615,7917.0,1.0,0.00033936,7159.0,1.0,0.00095914,36092.5
humaneval_0057,humaneval,code,1.0,0.00013484,5426.5,1.0,0.0001302,7146.4,1.0,0.000455,9346.9,1.0,0.00348068,140219.7
humaneval_0058,humaneval,code,1.0,0.0001563,6303.7,1.0,0.00014406,7844.5,1.0,0.00046788,9366.1,1.0,0.00215376,85414.0
humaneval_0059,humaneval,code,1.0,0.00014058,5514.8,1.0,0.00012257,6394.9,1.0,0.0003724,6875.9,1.0,0.00101318,38357.2
humaneval_0060,humaneval,code,1.0,0.00014028,5881.3,0.0,0.0001533,9004.5,1.0,0.00044492,9728.0,1.0,0.00240072,97910.9
humaneval_0061,humaneval,code,1.0,0.00013248,5434.3,1.0,9.611e-05,5144.8,1.0,0.0003682,7588.0,1.0,0.00052402,22144.5
humaneval_0062,humaneval,code,1.0,0.00015506,6488.2,1.0,0.00011655,6365.5,1.0,0.00041384,8976.9,1.0,0.00125146,49392.7
humaneval_0063,humaneval,code,1.0,0.00012418,4954.5,1.0,0.00015603,8882.8,1.0,0.0004578,9938.4,1.0,0.00145082,58428.0
humaneval_0064,humaneval,code,1.0,0.00014578,6052.3,1.0,0.00015155,8606.6,1.0,0.00035756,7098.7,1.0,0.00181762,75510.8
humaneval_0065,humaneval,code,0.0,0.00015668,6456.4,1.0,0.00021049,12223.7,1.0,0.00045444,9550.5,1.0,0.00125398,49504.5
humaneval_0066,humaneval,code,0.0,0.0001275,5224.8,1.0,0.00015918,9181.9,0.0,0.00054824,12478.3,1.0,0.00301504,131493.0
humaneval_0067,humaneval,code,0.0,0.0001304,5117.5,1.0,0.00013958,7496.2,1.0,0.00044156,9050.3,1.0,0.00106736,41928.1
humaneval_0068,humaneval,code,0.0,0.00012366,4642.9,1.0,0.00016513,8910.4,1.0,0.00049728,10243.0,1.0,0.00153454,70319.9
humaneval_0069,humaneval,code,1.0,0.0001632,5945.5,1.0,0.000217,11373.9,1.0,0.00063392,12196.4,1.0,0.00120652,53637.9
humaneval_0070,humaneval,code,0.0,0.0003911,14302.3,1.0,0.00051569,27096.0,1.0,0.00071232,8348.5,1.0,0.00489006,216959.9
humaneval_0071,humaneval,code,1.0,0.0001856,7285.1,1.0,0.00020993,11391.5,1.0,0.00059108,11696.4,1.0,0.00187838,85233.8
humaneval_0072,humaneval,code,1.0,0.0001726,7036.2,1.0,0.00019173,10678.2,1.0,0.00058044,12135.5,1.0,0.00301126,135804.9
humaneval_0073,humaneval,code,1.0,0.0001129,4181.9,1.0,0.00013755,7130.4,1.0,0.0004704,9306.9,1.0,0.00094626,43292.5
humaneval_0074,humaneval,code,1.0,0.00013818,5433.1,1.0,0.00017038,9385.1,1.0,0.0005334,10916.4,1.0,0.00117656,51002.9
humaneval_0075,humaneval,code,1.0,0.00012886,4704.2,1.0,0.00016569,8544.6,1.0,0.00051408,9757.1,1.0,0.00098406,41196.7
humaneval_0076,humaneval,code,1.0,0.00015078,6354.3,1.0,0.0001925,11283.1,0.0,0.00065688,14724.6,1.0,0.00287728,129520.9
humaneval_0077,humaneval,code,0.0,0.00018124,7112.1,1.0,0.00020601,11146.3,1.0,0.00060592,11808.9,1.0,0.0053795,245219.2
humaneval_0078,humaneval,code,1.0,0.00016066,6466.4,1.0,0.00019005,10632.5,0.0,0.00049728,9900.9,1.0,0.0059227,270002.8
humaneval_0079,humaneval,code,0.0,0.00018394,6823.0,1.0,0.00018865,9392.5,1.0,0.00061348,11026.5,1.0,0.0017339,75379.3
humaneval_0080,humaneval,code,1.0,0.00010818,4163.4,1.0,0.00012782,6839.2,1.0,0.0004116,8087.5,1.0,0.00087416,37198.1
humaneval_0081,humaneval,code,1.0,0.00015512,6423.3,1.0,0.00016338,9266.2,1.0,0.00044408,9245.0,1.0,0.0013804,63397.3
humaneval_0082,humaneval,code,0.0,0.00016242,6213.2,0.0,0.00018403,9739.2,1.0,0.00062888,12499.7,1.0,0.0080465,384374.4
humaneval_0083,humaneval,code,1.0,0.00012972,5194.7,1.0,0.00015337,8640.1,1.0,0.0005292,11127.4,1.0,0.0013755,62892.7
humaneval_0084,humaneval,code,0.0,0.00017492,7460.3,0.0,0.00017675,10544.8,0.0,0.00058044,13327.8,1.0,0.00106106,47090.6
humaneval_0085,humaneval,code,0.0,0.000117,4492.1,1.0,0.00012768,6801.3,1.0,0.0004676,9641.8,1.0,0.00159404,71493.1
humaneval_0086,humaneval,code,1.0,0.00012584,5213.4,0.0,0.00012943,7483.2,1.0,0.0003752,8113.9,1.0,0.00096922,44515.3
humaneval_0087,humaneval,code,1.0,0.00012298,4820.9,1.0,0.00015736,8814.0,1.0,0.00036428,7224.3,1.0,0.00396172,186621.9
humaneval_0088,humaneval,code,0.0,0.00021264,7646.1,1.0,0.00026012,13366.1,1.0,0.00082516,15743.3,1.0,0.00219996,98609.5
humaneval_0089,humaneval,code,0.0,0.00017962,6774.3,1.0,0.00019355,10069.4,1.0,0.000672,13275.9,1.0,0.00137242,60925.1
humaneval_0090,humaneval,code,,0.00047774,20453.6,1.0,0.00021819,12039.8,1.0,0.0006384,13351.3,1.0,0.00142114,66297.1
humaneval_0091,humaneval,code,1.0,0.0001205,4620.9,1.0,0.00015134,8324.4,1.0,0.0003864,7811.0,1.0,0.00149072,72365.6
humaneval_0092,humaneval,code,0.0,0.00012032,4631.9,1.0,0.00017157,9661.3,1.0,0.00049056,10478.6,1.0,0.00261982,127194.4
humaneval_0093,humaneval,code,1.0,0.00015648,5749.5,1.0,0.00021385,11476.9,1.0,0.00058464,11425.5,1.0,0.00209062,100920.4
humaneval_0094,humaneval,code,0.0,0.00016602,6560.9,0.0,0.00017598,9746.5,1.0,0.00054544,11435.4,1.0,0.00428288,224333.8
humaneval_0095,humaneval,code,1.0,0.00024118,8418.6,1.0,0.00030387,15330.7,1.0,0.00096376,17858.7,1.0,0.00297794,154771.9
humaneval_0096,humaneval,code,1.0,0.0001658,6050.8,1.0,0.00022246,11857.0,1.0,0.00062496,11980.0,1.0,0.00234696,128085.7
humaneval_0097,humaneval,code,1.0,0.00020114,7738.1,1.0,0.0002058,10944.2,1.0,0.00061852,12033.3,1.0,0.00149828,92655.7
humaneval_0098,humaneval,code,1.0,0.00014386,5245.9,1.0,0.0001659,8527.6,1.0,0.00058352,11375.7,1.0,0.00068712,26326.2
humaneval_0099,humaneval,code,1.0,0.00010408,4059.8,1.0,0.00012404,6884.1,1.0,0.00038696,8000.2,1.0,0.0008386,35166.5
humaneval_0100,humaneval,code,0.0,0.00015072,5957.8,0.0,0.00013909,7419.4,1.0,0.00046172,9262.7,1.0,0.00493318,225142.3
mmlupro_0001,mmlupro,knowledge,0.0,5.814e-05,1965.7,1.0,7.238e-05,3473.5,1.0,0.00030212,5611.7,1.0,0.00038136,16192.6
mmlupro_0002,mmlupro,knowledge,0.0,0.00017502,7304.7,1.0,0.00017773,10095.6,1.0,0.000609,13123.7,1.0,0.00592158,276317.7
mmlupro_0003,mmlupro,knowledge,1.0,0.00013656,5443.7,1.0,0.00012215,6462.0,1.0,0.0004032,8100.0,1.0,0.00129178,53677.8
mmlupro_0004,mmlupro,knowledge,0.0,9.034e-05,3522.3,1.0,0.00015001,8601.4,1.0,0.00037268,7844.3,,0.00592438,278776.2
mmlupro_0005,mmlupro,knowledge,1.0,0.0001091,4064.4,1.0,0.00012446,6460.9,1.0,0.00035252,6417.3,,0.0010724,46965.4
mmlupro_0006,mmlupro,knowledge,1.0,0.00012706,5233.5,0.0,0.00014889,8515.3,1.0,0.00035308,7440.8,0.0,0.00219142,105416.6
mmlupro_0007,mmlupro,knowledge,1.0,8.386e-05,3320.7,1.0,9.121e-05,4894.2,1.0,0.00029232,5963.6,1.0,0.00081494,41144.6
mmlupro_0008,mmlupro,knowledge,0.0,6.278e-05,2532.2,0.0,0.00010395,5969.7,0.0,0.00032228,7190.8,0.0,0.0015981,77960.7
mmlupro_0009,mmlupro,knowledge,1.0,0.00010122,4120.8,1.0,0.00011438,6392.4,1.0,0.00034888,7398.9,1.0,0.00051576,24400.0
mmlupro_0010,mmlupro,knowledge,1.0,0.0001453,5791.8,1.0,0.00015967,8766.5,1.0,0.00054824,11494.3,1.0,0.00081578,34434.2
mmlupro_0011,mmlupro,knowledge,0.0,0.0003252,13378.2,0.0,0.00032347,18472.2,0.0,0.00095312,20577.5,,0.00854602,398957.3
mmlupro_0012,mmlupro,knowledge,0.0,8.998e-05,3222.0,0.0,7.518e-05,3375.7,0.0,0.00052836,10765.7,0.0,0.00094416,40510.5
mmlupro_0013,mmlupro,knowledge,0.0,0.00010928,3992.8,0.0,0.00010514,5082.1,0.0,0.00033656,5878.8,1.0,0.00170576,74007.4
mmlupro_0014,mmlupro,knowledge,1.0,0.00014644,5511.1,1.0,0.0001659,8677.7,1.0,0.00060312,12009.9,1.0,0.00093352,40148.4
mmlupro_0015,mmlupro,knowledge,1.0,0.00010072,3400.1,1.0,0.0001134,5252.3,1.0,0.00038472,6441.4,1.0,0.00057652,22745.6
mmlupro_0016,mmlupro,knowledge,0.0,7.748e-05,3118.4,0.0,8.288e-05,4602.1,0.0,0.0005558,12478.3,0.0,0.00050036,22991.5
mmlupro_0017,mmlupro,knowledge,1.0,0.00022238,8874.1,1.0,0.00021231,11695.1,1.0,0.00060368,12099.8,1.0,0.00112266,49695.4
mmlupro_0018,mmlupro,knowledge,1.0,0.00020416,8282.8,0.0,0.00016086,8836.1,1.0,0.00028,4908.2,1.0,0.00114744,51909.5
mmlupro_0019,mmlupro,knowledge,1.0,0.00010296,3891.4,1.0,0.00013132,7100.7,1.0,0.00039144,7837.1,1.0,0.00074284,32583.7
mmlupro_0020,mmlupro,knowledge,1.0,8.144e-05,3219.3,1.0,6.909e-05,3695.0,1.0,0.00034468,7513.1,1.0,0.00058478,27144.9
mmlupro_0021,mmlupro,knowledge,1.0,0.00017222,6907.9,0.0,6.433e-05,2859.5,0.0,0.00025368,4425.6,0.0,0.0054019,258411.5
mmlupro_0022,mmlupro,knowledge,1.0,8.592e-05,3371.2,1.0,0.00010549,5900.4,1.0,0.00028868,5965.2,1.0,0.00057974,25141.0
mmlupro_0023,mmlupro,knowledge,1.0,0.00015092,6170.5,1.0,0.00013202,7461.2,1.0,0.0003402,7041.3,1.0,0.00050624,19723.2
mmlupro_0024,mmlupro,knowledge,1.0,0.00024486,9807.5,0.0,0.00016863,8747.3,0.0,0.00057456,11416.9,0.0,0.00430514,204316.3
mmlupro_0025,mmlupro,knowledge,1.0,0.00011384,4518.6,1.0,0.00014889,8453.6,1.0,0.00043596,9272.7,1.0,0.00109326,48675.5
mmlupro_0026,mmlupro,knowledge,0.0,0.000176,7266.5,0.0,0.000161,9171.5,0.0,0.000406,8428.5,,0.00361284,178863.1
mmlupro_0027,mmlupro,knowledge,0.0,0.00012756,5112.1,1.0,0.00014525,8170.1,1.0,0.00047824,10176.9,1.0,0.00202286,89356.5
mmlupro_0028,mmlupro,knowledge,0.0,0.00016884,6785.9,0.0,0.00014273,7720.3,0.0,0.0002632,4435.3,0.0,0.00066878,25632.6
mmlupro_0029,mmlupro,knowledge,1.0,0.00013208,5290.1,1.0,0.00015589,8808.8,1.0,0.00046312,9818.9,1.0,0.00072534,28037.8
mmlupro_0030,mmlupro,knowledge,1.0,6.094e-05,2177.1,1.0,0.00011627,6513.5,1.0,0.0002828,5476.8,1.0,0.00056546,21967.9
mmlupro_0031,mmlupro,knowledge,1.0,0.0001127,4312.8,1.0,0.00011816,6339.1,1.0,0.00045612,9423.1,1.0,0.00057932,22700.2
mmlupro_0032,mmlupro,knowledge,1.0,0.00011966,4433.1,1.0,0.00012453,6357.0,1.0,0.00034664,6219.5,1.0,0.00063238,24940.6
mmlupro_0033,mmlupro,knowledge,0.0,0.00012438,4696.9,1.0,9.345e-05,4505.6,1.0,0.00036596,6871.4,1.0,0.00215278,94750.5
mmlupro_0034,mmlupro,knowledge,1.0,6.944e-05,2757.9,1.0,0.00013587,7949.1,1.0,0.00037688,8333.8,1.0,0.0006853,31222.1
mmlupro_0035,mmlupro,knowledge,0.0,8.398e-05,2639.3,0.0,0.00012117,5749.2,0.0,0.00036988,6224.5,0.0,0.00263158,115326.8
mmlupro_0036,mmlupro,knowledge,0.0,0.00022622,7848.1,1.0,0.00024906,11915.2,1.0,0.00092316,16608.0,0.0,0.00241584,102321.7
mmlupro_0037,mmlupro,knowledge,1.0,0.00010668,4055.7,1.0,0.00010941,5684.4,1.0,0.00041776,8283.3,1.0,0.0007287,31541.5
mmlupro_0038,mmlupro,knowledge,1.0,0.00010566,4282.2,1.0,0.00014238,8230.8,1.0,0.0003976,8509.6,1.0,0.00058016,25520.9
mmlupro_0039,mmlupro,knowledge,0.0,0.00012374,4930.4,1.0,0.00018228,10399.9,1.0,0.00072408,16018.9,,0.007749,360796.1
mmlupro_0040,mmlupro,knowledge,0.0,8.404e-05,3322.4,1.0,9.52e-05,5194.6,1.0,0.00030968,6283.1,1.0,0.00228116,94927.7
mmlupro_0041,mmlupro,knowledge,1.0,4.144e-05,1481.6,1.0,5.6e-05,2852.6,1.0,0.000175,3247.0,1.0,0.00030212,12090.1
mmlupro_0042,mmlupro,knowledge,1.0,0.00015484,6310.9,1.0,0.00013783,7635.1,1.0,0.0003458,6760.5,1.0,0.00083762,32593.1
mmlupro_0043,mmlupro,knowledge,0.0,0.00012616,5118.4,1.0,0.00014182,7996.8,1.0,0.00023996,4396.9,1.0,0.00062664,24033.0
mmlupro_0044,mmlupro,knowledge,1.0,9e-05,3701.1,0.0,7.805e-05,4293.0,0.0,0.00035868,7710.9,0.0,0.0006111,25686.6
mmlupro_0045,mmlupro,knowledge,1.0,5.776e-05,2223.0,1.0,5.208e-05,2605.0,1.0,0.00020244,3962.7,1.0,0.00036372,14156.8
mmlupro_0046,mmlupro,knowledge,0.0,0.00010338,4060.4,1.0,0.00013713,7700.6,0.0,0.00033404,6647.3,1.0,0.00446726,204066.0
mmlupro_0047,mmlupro,knowledge,0.0,0.00028924,12043.6,0.0,0.00025151,14474.9,1.0,0.00064148,13487.8,1.0,0.0013629,57862.7
mmlupro_0048,mmlupro,knowledge,1.0,0.00012344,4993.4,1.0,0.00012509,7083.6,1.0,0.0004718,10265.1,1.0,0.00064638,26760.5
mmlupro_0049,mmlupro,knowledge,1.0,0.00013024,4967.2,0.0,0.00012236,6398.9,1.0,0.00038024,7288.9,1.0,0.00088676,39089.6
mmlupro_0050,mmlupro,knowledge,1.0,7.682e-05,3023.7,1.0,6.825e-05,3673.8,1.0,0.00028168,5905.9,1.0,0.00045766,20565.4
mmlupro_0051,mmlupro,knowledge,1.0,0.00015516,6468.6,1.0,0.00014742,8556.9,1.0,0.000406,9055.9,1.0,0.00124376,55558.0
mmlupro_0052,mmlupro,knowledge,0.0,0.00011246,4326.4,0.0,0.00010374,5462.5,1.0,0.00034468,6828.9,1.0,0.00060536,26488.7
mmlupro_0053,mmlupro,knowledge,1.0,0.00016074,5313.4,1.0,0.00016464,7422.3,0.0,0.00052528,8379.5,0.0,0.00127204,55220.9
mmlupro_0054,mmlupro,knowledge,0.0,0.00010208,3906.9,1.0,7.077e-05,3452.6,1.0,0.00025704,4664.6,1.0,0.00055174,23978.1
mmlupro_0055,mmlupro,knowledge,0.0,0.00032352,13685.3,1.0,0.0002324,13380.5,0.0,0.00077448,17082.2,0.0,0.00423276,203533.2
mmlupro_0056,mmlupro,knowledge,1.0,9.498e-05,3765.7,1.0,8.33e-05,4489.2,1.0,0.00022932,4315.4,1.0,0.00087864,42903.4
mmlupro_0057,mmlupro,knowledge,0.0,7.002e-05,2810.4,0.0,6.783e-05,3728.3,1.0,0.00022708,4825.1,1.0,0.00100786,53282.9
mmlupro_0058,mmlupro,knowledge,1.0,7.904e-05,2721.8,1.0,8.596e-05,4086.5,1.0,0.00026936,4641.9,1.0,0.00052948,25150.9
mmlupro_0059,mmlupro,knowledge,1.0,8.982e-05,3432.1,1.0,0.00011536,6294.3,1.0,0.00029092,5711.0,1.0,0.00208628,98243.7
mmlupro_0060,mmlupro,knowledge,1.0,0.00014042,4639.5,1.0,0.00013993,6070.9,1.0,0.00048636,7667.3,1.0,0.00089558,36085.2
mmlupro_0061,mmlupro,knowledge,1.0,0.00014384,5611.6,1.0,0.00017234,9437.7,1.0,0.00043372,8576.0,1.0,0.0007644,32002.5
mmlupro_0062,mmlupro,knowledge,1.0,0.00015264,6400.4,1.0,0.0001372,7897.8,1.0,0.00033264,7021.0,1.0,0.00055804,26643.3
mmlupro_0063,mmlupro,knowledge,0.0,0.0001314,5236.5,1.0,0.00013678,7476.4,1.0,0.00045752,9465.1,1.0,0.00079464,36268.5
mmlupro_0064,mmlupro,knowledge,0.0,0.00013456,5159.1,0.0,0.00010388,5068.5,0.0,0.000336,5947.4,1.0,0.0009058,39839.7
mmlupro_0065,mmlupro,knowledge,0.0,0.00013182,5284.3,1.0,0.00014917,8293.4,0.0,0.0004466,9300.0,0.0,0.00129206,55092.5
mmlupro_0066,mmlupro,knowledge,0.0,7.478e-05,2369.2,0.0,8.379e-05,3603.1,0.0,0.00031332,5081.7,,0.00232498,97274.1
mmlupro_0067,mmlupro,knowledge,0.0,0.0001257,5079.0,1.0,0.00012117,6699.0,1.0,0.00023156,4346.8,1.0,0.0005915,23882.6
mmlupro_0068,mmlupro,knowledge,0.0,0.00022818,9773.4,1.0,0.00012432,7178.2,1.0,0.00056336,12960.1,1.0,0.00083188,33065.7
mmlupro_0069,mmlupro,knowledge,0.0,0.00012024,4983.2,1.0,7.483e-05,4064.5,0.0,0.00043288,9677.4,1.0,0.00127722,52359.7
mmlupro_0070,mmlupro,knowledge,0.0,0.00012228,4683.7,0.0,0.00010339,5228.0,0.0,0.00030856,5521.6,0.0,0.0018417,74637.4
mmlupro_0071,mmlupro,knowledge,0.0,0.00013364,5421.3,0.0,0.00010612,5821.1,1.0,0.00028756,5665.6,1.0,0.00131124,53350.6
mmlupro_0072,mmlupro,knowledge,1.0,0.00014394,5749.2,1.0,0.00012446,6732.6,1.0,0.00034244,6732.6,1.0,0.000644,25058.7
mmlupro_0073,mmlupro,knowledge,0.0,0.00010372,4220.5,0.0,0.0001204,6934.4,0.0,0.00020132,3826.4,0.0,0.0012558,51746.8
mmlupro_0074,mmlupro,knowledge,1.0,8.98e-05,3574.5,1.0,0.00010598,6039.3,1.0,0.0002142,4158.4,1.0,0.00056336,23125.8
mmlupro_0075,mmlupro,knowledge,1.0,5.408e-05,2048.1,1.0,6.398e-05,3454.0,1.0,0.00029624,6325.0,1.0,0.00038192,15421.2
mmlupro_0076,mmlupro,knowledge,0.0,0.00012982,4987.9,0.0,7.959e-05,3752.5,0.0,0.00046732,9521.5,0.0,0.00217154,91554.1
mmlupro_0077,mmlupro,knowledge,0.0,8.088e-05,2987.6,0.0,0.00012607,6918.5,0.0,0.00021588,3864.6,0.0,0.00046802,19365.6
mmlupro_0078,mmlupro,knowledge,0.0,0.00016958,6342.5,0.0,0.00015757,7984.9,0.0,0.00050036,9422.9,1.0,0.00133798,54954.7
mmlupro_0079,mmlupro,knowledge,0.0,0.00028584,11330.2,0.0,0.00029057,16076.3,1.0,0.00081144,16534.2,1.0,0.00289366,123057.0
mmlupro_0080,mmlupro,knowledge,0.0,6.18e-05,2300.6,1.0,7.336e-05,3861.7,1.0,0.00021868,4248.6,1.0,0.0003402,13511.3
mmlupro_0081,mmlupro,knowledge,0.0,8.76e-05,3346.7,1.0,8.638e-05,4512.1,1.0,0.00028112,5545.5,1.0,0.00061096,25304.0
mmlupro_0082,mmlupro,knowledge,0.0,8.726e-05,3309.5,1.0,0.00024073,14281.0,1.0,0.00054992,12088.0,1.0,0.00261814,118036.5
mmlupro_0083,mmlupro,knowledge,0.0,0.00015814,5811.1,0.0,0.00014098,6830.3,1.0,0.00046144,8210.0,,0.00252952,111620.0
mmlupro_0084,mmlupro,knowledge,1.0,5.754e-05,2170.9,1.0,5.887e-05,3044.7,1.0,0.00021364,4233.0,0.0,0.0015869,71242.0
mmlupro_0085,mmlupro,knowledge,1.0,8.138e-05,3145.2,1.0,0.00010528,5858.8,1.0,0.00021448,4112.7,1.0,0.00054404,25277.1
mmlupro_0086,mmlupro,knowledge,0.0,0.0001093,4206.4,0.0,6.755e-05,3170.5,1.0,0.00043904,9253.6,0.0,0.00105042,46964.6
mmlupro_0087,mmlupro,knowledge,1.0,7.422e-05,2727.1,1.0,7.686e-05,3884.1,1.0,0.0002716,5167.5,1.0,0.00047376,21672.2
mmlupro_0088,mmlupro,knowledge,0.0,0.0001137,4493.7,0.0,0.00014252,8053.0,0.0,0.00023744,4434.8,0.0,0.00088956,39432.4
mmlupro_0089,mmlupro,knowledge,0.0,7.948e-05,3183.3,0.0,9.695e-05,5538.3,1.0,0.00036316,8118.3,1.0,0.0010073,43179.3
mmlupro_0090,mmlupro,knowledge,0.0,7.27e-05,2501.8,1.0,9.408e-05,4728.0,,0.00032816,6142.2,1.0,0.000609,25260.9
mmlupro_0091,mmlupro,knowledge,0.0,9.662e-05,3902.5,1.0,0.00011053,6374.4,0.0,0.00042028,9539.1,1.0,0.00075894,29306.3
mmlupro_0092,mmlupro,knowledge,1.0,0.00013888,4977.4,1.0,0.00017521,9270.2,1.0,0.00032536,5156.0,1.0,0.00057582,19601.5
mmlupro_0093,mmlupro,knowledge,0.0,0.00010762,4071.2,0.0,0.00012089,6508.1,1.0,0.00056644,12306.4,1.0,0.00089894,32606.6
mmlupro_0094,mmlupro,knowledge,0.0,0.000105,4248.6,1.0,0.00013832,8102.2,1.0,0.00032732,7183.8,0.0,0.00147868,56320.6
mmlupro_0095,mmlupro,knowledge,1.0,0.00011124,4510.7,1.0,8.323e-05,4526.4,1.0,0.00025312,5081.9,1.0,0.00053298,19900.4
mmlupro_0096,mmlupro,knowledge,0.0,0.00022042,8874.8,0.0,0.00022337,12505.9,0.0,0.00069748,14702.3,0.0,0.00827414,388841.1
mmlupro_0097,mmlupro,knowledge,1.0,0.00011338,4589.2,1.0,0.00014133,8185.0,1.0,0.00046592,10297.8,1.0,0.00103278,41100.3
mmlupro_0098,mmlupro,knowledge,0.0,0.00015804,5100.3,1.0,0.00019453,9018.9,0.0,0.00062104,10191.5,1.0,0.00302582,133563.0
mmlupro_0099,mmlupro,knowledge,0.0,0.00015632,6502.1,1.0,0.00011914,6625.1,0.0,0.00052752,11498.1,0.0,0.00151816,66838.1
mmlupro_0100,mmlupro,knowledge,1.0,0.0001966,8456.0,0.0,0.0001981,11814.1,0.0,0.00054572,12322.6,1.0,0.00696192,336143.7
arenahard_0001,arenahard,general,0.4,0.00027944,9405.7,0.8,0.00029911,13622.7,1.0,0.0009842,15934.9,0.8,0.00348586,156462.1
arenahard_0002,arenahard,general,0.8,0.00014402,6396.3,1.0,0.00016226,10035.5,0.9,0.0005054,12085.1,0.9,0.00099904,42649.8
arenahard_0003,arenahard,general,0.9,8.406e-05,3585.1,1.0,8.491e-05,5022.3,0.9,0.00023688,5281.1,1.0,0.0003465,15646.9
arenahard_0004,arenahard,general,0.8,2.496e-05,678.0,0.8,3.486e-05,1471.1,0.9,0.00030912,6524.9,0.8,0.00065128,30083.0
arenahard_0005,arenahard,general,0.8,0.00019942,9049.6,1.0,0.00026887,17621.4,0.9,0.00068936,18023.4,0.95,0.00084714,40449.0
arenahard_0006,arenahard,general,0.8,0.00013322,5359.4,0.9,0.00014434,8082.1,0.9,0.00051212,10924.8,0.9,0.00038808,16441.3
arenahard_0007,arenahard,general,0.8,0.00025372,11511.7,0.9,0.000322,20599.7,0.8,0.00096516,24869.4,0.8,0.00511812,250433.3
arenahard_0008,arenahard,general,0.9,0.00025736,11695.9,0.9,0.0002583,16577.8,0.8,0.00077672,20013.7,1.0,0.00095256,48111.8
arenahard_0009,arenahard,general,0.8,0.00020774,8583.7,0.8,0.00037926,23180.7,0.9,0.00052192,10614.8,0.9,0.00072912,36049.0
arenahard_0010,arenahard,general,1.0,0.00011644,5304.1,0.9,0.00027412,17925.2,1.0,0.00046564,12200.9,1.0,0.00089796,46495.5
arenahard_0011,arenahard,general,0.8,0.00013986,5861.4,1.0,0.0001302,7309.5,1.0,0.00044828,10352.7,1.0,0.00052444,22878.4
arenahard_0012,arenahard,general,0.8,0.00014846,5197.1,0.9,0.00018655,9562.0,0.8,0.0005866,11208.7,0.9,0.00082922,33756.7
arenahard_0013,arenahard,general,0.5,0.00078256,28881.3,0.8,0.00092547,47838.8,0.8,0.00136332,15939.3,0.8,0.00107842,32800.3
arenahard_0014,arenahard,general,0.8,0.0009624,35815.1,0.8,0.00121156,63799.0,0.5,0.00387492,79135.1,0.8,0.00298732,116693.4
arenahard_0015,arenahard,general,0.9,0.00011314,5130.0,0.9,0.00023051,14910.5,0.9,0.00070896,18361.8,0.9,0.00279426,132708.3
arenahard_0016,arenahard,general,0.7,0.00011184,4765.3,0.8,0.00012033,7151.2,1.0,0.00035868,8315.0,1.0,0.0011851,52714.4
arenahard_0017,arenahard,general,0.8,0.00015318,7012.3,1.0,0.00015505,9770.4,1.0,0.00046396,11927.8,1.0,0.0012859,63235.4
arenahard_0018,arenahard,general,0.8,0.000355,12284.6,0.8,0.00034146,15288.3,0.8,0.0015778,30561.7,0.8,0.00292376,127342.8
arenahard_0019,arenahard,general,0.8,0.0001618,7193.4,0.8,0.00029386,18440.9,0.9,0.00097468,24645.7,0.8,0.0011704,56297.2
arenahard_0020,arenahard,general,0.8,0.000329,15084.9,0.8,0.00029036,18125.5,0.9,0.00109844,28264.1,0.8,0.00109228,49094.7
arenahard_0021,arenahard,general,0.85,9.502e-05,4312.1,0.8,0.00033194,21349.6,0.9,0.0008246,21522.4,0.9,0.00114072,51835.7
arenahard_0022,arenahard,general,0.8,0.00030654,9944.4,0.8,0.00034391,15146.7,0.8,0.00117992,19425.4,0.8,0.00101906,36323.4
arenahard_0023,arenahard,general,0.8,0.00017876,8271.2,0.8,0.00023779,15158.6,1.0,0.00056364,14178.0,0.8,0.00080514,37884.3
arenahard_0024,arenahard,general,0.5,0.00016898,7427.9,0.55,0.00016709,10015.6,0.9,0.000686,16962.0,0.8,0.00041678,18980.5
arenahard_0025,arenahard,general,0.9,0.00016982,7675.5,1.0,0.00023492,14877.2,1.0,0.00062888,16080.2,1.0,0.00068908,39410.1
arenahard_0026,arenahard,general,0.8,0.00022562,10588.6,0.8,0.0003199,20737.4,1.0,0.00069664,18353.2,0.9,0.00201824,87494.8
arenahard_0027,arenahard,general,0.8,0.00021716,7705.4,0.8,0.00029876,15372.7,1.0,0.00096796,18995.5,1.0,0.00289772,119841.3
arenahard_0028,arenahard,general,0.8,0.00030618,13192.3,0.85,0.00049714,30666.3,0.85,0.00134372,32605.1,0.95,0.00124264,50277.6
arenahard_0029,arenahard,general,0.8,0.00014374,6368.7,0.8,0.00013013,7850.6,0.9,0.00042,9970.4,0.9,0.00043974,17622.3
arenahard_0030,arenahard,general,0.8,0.00024998,8929.1,0.8,0.00033537,17192.1,0.8,0.000861,15226.1,0.5,0.00099134,36369.9
arenahard_0031,arenahard,general,0.8,8.768e-05,3692.4,0.8,0.00017248,10710.6,0.9,0.000483,11426.9,1.0,0.00226212,100908.3
arenahard_0032,arenahard,general,0.8,0.00014606,6882.7,1.0,0.00015043,9644.5,1.0,0.00031024,8162.1,0.8,0.00047082,19356.0
arenahard_0033,arenahard,general,0.8,0.00018648,8672.1,0.9,0.0001148,6891.9,1.0,0.00038864,9914.2,0.9,0.00078484,34996.0
arenahard_0034,arenahard,general,0.8,0.00013172,5867.9,0.9,0.00016877,10525.5,0.9,0.000595,15168.0,1.0,0.00139118,63003.8
arenahard_0035,arenahard,general,1.0,0.00015346,7164.8,1.0,0.00016338,10612.0,0.9,0.00053088,14052.0,0.8,0.00075096,32099.0
arenahard_0036,arenahard,general,0.8,0.00031058,13182.7,0.8,0.00019327,10252.5,0.8,0.00033488,5165.8,0.8,0.00059458,23117.9
arenahard_0037,arenahard,general,0.2,0.00021738,5105.5,0.8,0.00032123,12785.2,1.0,0.00101332,13411.3,0.8,0.0022701,93643.3
arenahard_0038,arenahard,general,0.5,0.00014744,6484.8,0.75,0.00014847,8824.5,0.8,0.00065128,16180.5,0.9,0.00117586,52803.1
arenahard_0039,arenahard,general,0.9,0.00027104,10540.0,0.8,0.00032333,17498.6,0.9,0.00102116,21799.8,0.8,0.00090958,36055.5
arenahard_0040,arenahard,general,0.95,0.00015616,6991.5,0.95,0.00024479,15280.2,1.0,0.000784,20110.1,0.9,0.00082362,35334.9
arenahard_0041,arenahard,general,0.9,0.0001335,6178.5,0.9,0.00016422,10481.8,0.8,0.000511,13878.2,0.9,0.00120568,56564.4
arenahard_0042,arenahard,general,0.8,0.00023358,10799.3,0.8,0.00025179,16006.9,0.8,0.00071288,18778.7,0.3,0.00065058,31029.3
arenahard_0043,arenahard,general,1.0,8.54e-05,3841.6,1.0,0.00011284,6973.5,1.0,0.00029736,7539.1,1.0,0.00034468,15851.2
arenahard_0044,arenahard,general,0.8,0.0004869,16574.5,0.9,0.0004067,16479.4,0.8,0.00130928,18932.8,0.8,0.00301224,124747.2
arenahard_0045,arenahard,general,0.8,0.0002359,10670.0,0.8,0.00054264,34419.8,0.9,0.00086044,21967.9,1.0,0.00087388,38819.5
arenahard_0046,arenahard,general,0.9,0.00023284,9282.8,1.0,0.00022792,12069.7,1.0,0.00056728,11022.2,0.9,0.0016534,72849.6
arenahard_0047,arenahard,general,0.8,0.00011956,5097.0,1.0,0.00014266,8379.1,1.0,0.00038556,8890.5,1.0,0.00043344,17689.6
arenahard_0048,arenahard,general,0.4,0.0001327,3845.0,0.9,0.00019131,8564.3,0.8,0.00056588,8735.5,0.8,0.00056098,21280.1
arenahard_0049,arenahard,general,0.8,0.00013498,5533.0,0.8,0.00017213,9982.2,0.8,0.00047124,10377.8,0.9,0.00063574,28653.2
arenahard_0050,arenahard,general,0.8,0.00016148,7360.9,1.0,0.00022757,14254.2,1.0,0.00065548,16308.3,0.95,0.00057526,27921.7
arenahard_0051,arenahard,general,0.85,0.00027396,10462.2,0.9,0.00053284,30668.0,0.8,0.00102032,20649.8,0.95,0.00111076,45694.6
arenahard_0052,arenahard,general,0.9,0.00014842,6330.1,0.8,0.00020132,11982.3,1.0,0.00044688,10226.3,0.8,0.00080332,34646.3
arenahard_0053,arenahard,general,0.2,0.00050186,22531.5,0.7,0.00035217,21831.4,0.9,0.00085596,20951.5,0.9,0.00106246,45149.8
arenahard_0054,arenahard,general,1.0,0.00019566,7404.8,1.0,0.00023121,11920.4,1.0,0.0006916,13511.0,1.0,0.0082019,362980.6
arenahard_0055,arenahard,general,0.9,0.0002761,9465.9,1.0,0.00031458,14862.2,0.9,0.00109396,19775.3,0.95,0.00239736,104770.1
arenahard_0056,arenahard,general,1.0,0.0001538,7041.9,1.0,0.00020468,12941.0,0.9,0.0005922,15059.6,0.9,0.00130676,55992.6
arenahard_0057,arenahard,general,0.8,0.0001893,6329.5,0.8,0.000287,14520.2,0.8,0.0009114,17178.0,0.8,0.0008162,29106.0
arenahard_0058,arenahard,general,0.8,0.00020682,8853.2,0.9,0.0002226,13354.5,0.8,0.00056924,13286.9,1.0,0.00218652,98233.4
arenahard_0059,arenahard,general,0.8,0.0006766,25791.8,0.85,0.00049875,23567.3,0.9,0.00131236,20268.4,0.85,0.00150178,66060.3
arenahard_0060,arenahard,general,0.8,0.00027696,11635.6,0.6,0.00027797,16362.1,0.8,0.000644,14192.5,0.9,0.00082446,37731.9
arenahard_0061,arenahard,general,0.4,3.572e-05,1024.7,0.2,2.387e-05,567.4,1.0,0.00029736,5879.3,0.8,0.00068586,30192.9
arenahard_0062,arenahard,general,1.0,0.00017618,7604.9,1.0,0.00018347,11157.5,0.95,0.00061012,14698.3,1.0,0.0028693,128405.9
arenahard_0063,arenahard,general,0.9,0.00017958,8057.7,0.9,0.00020503,13065.5,0.9,0.00067116,16939.7,0.9,0.00082754,35465.9
arenahard_0064,arenahard,general,0.8,0.00016856,7565.6,1.0,0.00017563,11176.5,1.0,0.00065408,16642.4,0.8,0.0008421,47192.7
arenahard_0065,arenahard,general,0.4,0.00090538,42001.3,0.4,0.00115185,75750.5,0.8,0.00102032,25788.6,0.9,0.00151438,71733.0
arenahard_0066,arenahard,general,1.0,4.382e-05,1527.1,1.0,2.891e-05,1091.8,1.0,0.00018032,3777.7,1.0,0.0012817,58627.5
arenahard_0067,arenahard,general,0.4,0.00050094,16104.0,0.8,0.00062503,28953.2,0.8,0.00178808,27861.7,0.8,0.00205226,75619.1
arenahard_0068,arenahard,general,1.0,5.386e-05,2250.4,1.0,6.272e-05,3670.3,1.0,0.000224,5119.6,1.0,0.0002226,9385.7
arenahard_0069,arenahard,general,0.8,0.00017942,7600.0,0.8,0.00116396,75846.9,0.8,0.00091168,21519.7,0.8,0.00082404,36287.0
arenahard_0070,arenahard,general,0.4,0.00090736,42369.3,0.8,0.00032172,20410.8,0.9,0.00076244,18721.8,0.8,0.00082404,37239.4
arenahard_0071,arenahard,general,0.8,0.00019216,7596.3,0.8,0.00021413,11694.0,1.0,0.00083076,17872.8,0.9,0.0007343,29997.5
arenahard_0072,arenahard,general,0.8,0.00018572,8379.6,0.9,0.00019222,12042.0,0.9,0.00067928,17111.1,0.8,0.0009044,39977.1
arenahard_0073,arenahard,general,0.8,0.0001738,7022.4,0.8,0.00021462,12142.1,0.9,0.0009254,22219.1,0.8,0.00070952,30491.0
arenahard_0074,arenahard,general,0.8,0.00032036,14442.0,0.8,0.00047019,29928.2,0.8,0.0012334,31183.8,0.8,0.00145586,60701.0
arenahard_0075,arenahard,general,0.8,0.00022682,10351.8,0.85,0.00025851,16771.1,0.9,0.00059836,15664.9,0.9,0.0008701,36496.4
arenahard_0076,arenahard,general,1.0,0.0001261,5710.4,0.9,0.00016492,10535.5,1.0,0.00039088,10815.6,1.0,0.00099316,40187.5
arenahard_0077,arenahard,general,0.8,0.00028422,9006.0,0.8,0.000364,16987.1,1.0,0.00114968,19288.7,0.8,0.0015246,52306.4
arenahard_0078,arenahard,general,0.9,0.00033836,15669.1,0.9,0.00028252,18530.7,1.0,0.00065912,17701.9,0.8,0.00075572,30107.0
arenahard_0079,arenahard,general,1.0,0.0001017,4748.6,1.0,8.981e-05,5952.4,1.0,0.00026908,7128.0,1.0,0.00077518,33921.8
arenahard_0080,arenahard,general,0.8,0.00113348,42045.0,0.8,0.00141925,75290.4,0.8,0.00453012,91887.0,0.8,0.00349734,138547.1
arenahard_0081,arenahard,general,0.8,0.00030526,12380.9,0.9,0.00029834,16594.5,0.9,0.00105784,23183.2,0.9,0.00057848,22263.6
arenahard_0082,arenahard,general,0.2,7.416e-05,3294.3,0.4,4.788e-05,2888.3,0.2,0.00345408,90383.3,1.0,0.00139468,59356.2
arenahard_0083,arenahard,general,0.9,0.00018048,8136.1,0.9,0.00011424,7113.4,0.9,0.00038388,9545.8,1.0,0.00076636,30993.3
arenahard_0084,arenahard,general,0.8,0.00013524,6080.5,1.0,0.00019558,12606.9,0.9,0.00052416,13424.0,0.8,0.000574,23156.7
arenahard_0085,arenahard,general,0.8,0.00014952,6794.4,0.8,0.00013636,8588.4,0.8,0.00090552,24409.0,0.9,0.00085764,39171.8
arenahard_0086,arenahard,general,0.8,0.00022054,10467.8,0.9,0.00030912,20528.9,0.8,0.000868,23688.2,0.8,0.00102452,45752.9
arenahard_0087,arenahard,general,0.85,0.00028326,12147.0,0.8,0.00038703,23613.0,0.95,0.00105532,25469.4,0.85,0.00115346,56306.9
arenahard_0088,arenahard,general,1.0,2.484e-05,256.5,0.0,2.975e-05,460.3,1.0,0.00013888,1232.1,1.0,0.00216594,94416.4
arenahard_0089,arenahard,general,0.9,0.00034994,14062.7,0.9,0.00044667,25482.8,0.9,0.00140056,31366.1,1.0,0.00095746,37858.2
arenahard_0090,arenahard,general,0.8,0.00047796,15582.8,0.8,0.00077357,39433.1,0.8,0.0018508,31804.6,0.8,0.0014511,49479.0
arenahard_0091,arenahard,general,1.0,0.00034064,12923.1,0.8,0.00022855,9602.2,1.0,0.00078344,12856.1,0.8,0.00049434,16065.8
arenahard_0092,arenahard,general,1.0,0.0001724,6398.3,0.9,0.00023254,12481.5,0.95,0.000588,11462.7,0.9,0.0007336,28200.3
arenahard_0093,arenahard,general,0.8,0.0004404,16664.1,0.4,0.00030149,13765.7,0.8,0.00093716,15523.7,1.0,0.00520198,202226.4
arenahard_0094,arenahard,general,1.0,0.00017832,8203.6,1.0,0.00031682,20381.2,0.95,0.000693,18256.1,1.0,0.00081536,35987.9
arenahard_0095,arenahard,general,0.9,0.00018424,8507.8,0.8,0.00043036,27421.3,0.8,0.00067228,17871.6,0.8,0.00091084,40038.4
arenahard_0096,arenahard,general,0.8,0.00018518,7327.8,0.9,0.00027503,15742.3,1.0,0.00086044,19253.9,0.8,0.00104202,41780.2
arenahard_0097,arenahard,general,1.0,0.00013906,5598.0,0.9,0.00014063,7648.0,1.0,0.00042084,8829.5,1.0,0.00053074,20378.9
arenahard_0098,arenahard,general,0.5,0.00013188,5604.4,0.8,0.00026964,16475.6,0.9,0.00065212,15677.3,0.8,0.00097804,39466.7
arenahard_0099,arenahard,general,1.0,0.00012564,5637.4,1.0,0.00016905,10737.5,1.0,0.00058268,14810.6,1.0,0.00092638,52488.5
arenahard_0100,arenahard,general,0.8,0.00019072,7933.7,0.4,0.00021553,12814.9,0.8,0.00065744,15321.0,0.8,0.00184142,70384.4
