task_id,node_type,candidate,selected,eligible,Q,C_tokens,L_seconds,score,actual_shadow_tokens,actual_shadow_latency_s,actual_shadow_node_accuracy,actual_status,score_margin_to_selected
238499a98441470b93f6c514b82d8f0f,extraction,medium,False,True,0.6873786407766991,3941.4330097087377,41.81010838014013,0.2812564483905615,4090,10.301654182374477,True,delivered,0.0038042021708468154
238499a98441470b93f6c514b82d8f0f,extraction,large,True,True,0.7165048543689321,3942.114563106796,46.867695130436765,0.28506065056140834,3930,10.66504155099392,False,delivered,0.0
238499a98441470b93f6c514b82d8f0f,extraction,coder,False,True,0.6815533980582524,3978.166990291262,43.64960409919399,0.2643970280477193,3818,4.823567861691117,False,delivered,0.02066362251368903
238499a98441470b93f6c514b82d8f0f,extraction,reasoning,False,False,0.7203883495145631,6064.877669902913,150.5238707915807,-0.33547488793848607,4066,11.7401572316885,False,delivered,0.6205355384998944
238499a98441470b93f6c514b82d8f0f,extraction,small,False,False,,,,,,,,not_sampled_or_unavailable,
238499a98441470b93f6c514b82d8f0f,semantic,medium,False,True,0.6873786407766991,614.4330097087379,6.517809808000877,0.6240679412512579,413,0.5611469428986311,False,delivered,0.025115781607769172
238499a98441470b93f6c514b82d8f0f,semantic,large,True,True,0.7165048543689321,615.1145631067961,7.313080670913044,0.649183722859027,421,0.889816902577877,False,delivered,0.0
238499a98441470b93f6c514b82d8f0f,semantic,coder,False,True,0.6815533980582524,651.1669902912622,7.144793418185868,0.61327108145276,423,0.7523726839572191,False,delivered,0.03591264140626704
238499a98441470b93f6c514b82d8f0f,semantic,reasoning,False,False,0.7203883495145631,2737.8776699029127,67.95123777561983,0.2437382771413183,5349,91.4938985556364,False,delivered,0.40544544571770874
238499a98441470b93f6c514b82d8f0f,semantic,small,False,False,,,,,,,,not_sampled_or_unavailable,
71c52a7bfd964525bc87137f0ac6df84,extraction,medium,True,True,0.6873786407766991,4732.433009708738,50.20091336077197,0.1997524234874023,5013,7.115084026008844,True,delivered,0.0
71c52a7bfd964525bc87137f0ac6df84,extraction,large,False,True,0.7165048543689321,4733.114563106796,56.2718730797855,0.19848976081466474,4901,7.8866189401596785,True,delivered,0.0012626626727375578
71c52a7bfd964525bc87137f0ac6df84,extraction,coder,False,True,0.6815533980582524,4769.166990291262,52.328685929274364,0.18145161889731748,4932,5.80311538092792,False,delivered,0.018300804590084818
71c52a7bfd964525bc87137f0ac6df84,extraction,reasoning,False,False,0.7203883495145631,6855.877669902913,170.1556570000643,-0.47318381898090406,5648,24.34787275828421,True,delivered,0.6729362424683063
71c52a7bfd964525bc87137f0ac6df84,extraction,small,False,False,,,,,,,,not_sampled_or_unavailable,
71c52a7bfd964525bc87137f0ac6df84,semantic,medium,False,True,0.6873786407766991,607.4330097087379,6.443554896667852,0.6247892158079229,405,0.5927178952842951,False,delivered,0.025160621119659443
71c52a7bfd964525bc87137f0ac6df84,semantic,large,True,True,0.7165048543689321,608.1145631067961,7.229857857201992,0.6499498369275823,404,0.7272975482046604,False,delivered,0.0
71c52a7bfd964525bc87137f0ac6df84,semantic,coder,False,True,0.6815533980582524,644.1669902912622,7.067987384291352,0.6140051116222326,410,0.7006205730140209,False,delivered,0.035944725305349756
71c52a7bfd964525bc87137f0ac6df84,semantic,reasoning,False,False,0.7203883495145631,2730.8776699029127,67.77750515430581,0.24495694024788833,882,10.04306017421186,False,delivered,0.404992896679694
71c52a7bfd964525bc87137f0ac6df84,semantic,small,False,False,,,,,,,,not_sampled_or_unavailable,
f6e2f94f5f2841a993eaed5577bdece2,extraction,medium,True,True,0.6873786407766991,5049.433009708738,53.5636000597104,0.1670889899927101,5012,12.583124920725822,False,delivered,0.0
f6e2f94f5f2841a993eaed5577bdece2,extraction,large,False,True,0.7165048543689321,5050.114563106796,60.04067764355737,0.16379573799580538,4802,13.482886726036668,True,delivered,0.0032932519969047225
f6e2f94f5f2841a993eaed5577bdece2,extraction,coder,False,True,0.6815533980582524,5086.166990291262,55.806902035640334,0.14821053836548764,4946,11.715429063886404,False,delivered,0.01887845162722246
f6e2f94f5f2841a993eaed5577bdece2,extraction,reasoning,False,False,0.7203883495145631,7172.877669902913,178.02326285099895,-0.5283718482355773,5431,24.980344215407968,False,delivered,0.6954608382282874
f6e2f94f5f2841a993eaed5577bdece2,extraction,small,False,False,,,,,,,,not_sampled_or_unavailable,
f6e2f94f5f2841a993eaed5577bdece2,semantic,medium,False,True,0.6873786407766991,613.4330097087379,6.5072019635247305,0.6241709804736386,,,,not_sampled_or_unavailable,0.025122187252324957
f6e2f94f5f2841a993eaed5577bdece2,semantic,large,True,True,0.7165048543689321,614.1145631067961,7.30119169752575,0.6492931677259636,,,,not_sampled_or_unavailable,0.0
f6e2f94f5f2841a993eaed5577bdece2,semantic,coder,False,True,0.6815533980582524,650.1669902912622,7.133821127629508,0.6133759429055418,,,,not_sampled_or_unavailable,0.03591722482042181
f6e2f94f5f2841a993eaed5577bdece2,semantic,reasoning,False,False,0.7203883495145631,2736.8776699029127,67.92641882971783,0.24391237187082826,,,,not_sampled_or_unavailable,0.4053807958551353
f6e2f94f5f2841a993eaed5577bdece2,semantic,small,False,False,,,,,,,,not_sampled_or_unavailable,
317533683dd34bd098fcf9ceff439b4d,extraction,medium,True,True,0.6873786407766991,5818.433009708738,61.721032461867026,0.08785182798192703,5410,3.493825638666749,False,delivered,0.0
317533683dd34bd098fcf9ceff439b4d,extraction,large,False,True,0.7165048543689321,5819.114563106796,69.18329817838567,0.07963263532166392,5457,6.580729767680168,True,delivered,0.008219192660263108
317533683dd34bd098fcf9ceff439b4d,extraction,coder,False,True,0.6815533980582524,5855.166990291262,64.2445934734808,0.06757208117628527,5435,3.910753244534135,True,delivered,0.020279746805641763
317533683dd34bd098fcf9ceff439b4d,extraction,reasoning,False,False,0.7203883495145631,7941.877669902913,197.10903224963855,-0.6622506952287754,5723,11.80731306783855,True,delivered,0.7501025232107025
317533683dd34bd098fcf9ceff439b4d,extraction,small,False,False,,,,,,,,not_sampled_or_unavailable,
317533683dd34bd098fcf9ceff439b4d,semantic,medium,False,True,0.6873786407766991,594.4330097087379,6.305652918477947,0.6261287256988725,226,0.6495118867605925,False,delivered,0.025243894498883868
317533683dd34bd098fcf9ceff439b4d,semantic,large,True,True,0.7165048543689321,595.1145631067961,7.075301203167184,0.6513726201977563,222,0.7249511145055294,False,delivered,0.0
317533683dd34bd098fcf9ceff439b4d,semantic,coder,False,True,0.6815533980582524,631.1669902912622,6.9253476070586775,0.6153683105083959,230,0.7458659801632166,False,delivered,0.036004309689360414
317533683dd34bd098fcf9ceff439b4d,semantic,reasoning,False,False,0.7203883495145631,2717.8776699029127,67.45485885757978,0.24722017173151856,822,12.020575258880854,False,delivered,0.40415244846623777
317533683dd34bd098fcf9ceff439b4d,semantic,small,False,False,,,,,,,,not_sampled_or_unavailable,
2c801a8d730d4dafab1b4fdda96edb46,extraction,medium,False,True,0.6873786407766991,3893.4330097087377,41.3009318452851,0.28620233106483667,4233,10.674832880496979,False,delivered,0.0041116731095220405
2c801a8d730d4dafab1b4fdda96edb46,extraction,large,True,True,0.7165048543689321,3894.114563106796,46.297024407846706,0.2903140041743587,3901,6.435841169208288,True,delivered,0.0
2c801a8d730d4dafab1b4fdda96edb46,extraction,coder,False,True,0.6815533980582524,3930.166990291262,43.12293415248874,0.2694303777812457,3817,2.620610123500228,True,delivered,0.02088362639311303
2c801a8d730d4dafab1b4fdda96edb46,extraction,reasoning,False,False,0.7203883495145631,6016.877669902913,149.33256138828457,-0.32711834092200553,4365,18.13263948634267,True,delivered,0.6174323450963642
2c801a8d730d4dafab1b4fdda96edb46,extraction,small,False,False,,,,,,,,not_sampled_or_unavailable,
2c801a8d730d4dafab1b4fdda96edb46,semantic,medium,False,True,0.6873786407766991,597.4330097087379,6.337476451906387,0.6258196080317302,327,0.647589560598135,False,delivered,0.025224677565216846
2c801a8d730d4dafab1b4fdda96edb46,semantic,large,True,True,0.7165048543689321,598.1145631067961,7.110968123329063,0.651044285596947,323,0.7254503946751356,False,delivered,0.0
2c801a8d730d4dafab1b4fdda96edb46,semantic,coder,False,True,0.6815533980582524,634.1669902912622,6.958264478727756,0.6150537261500505,331,0.7453255876898766,False,delivered,0.03599055944689655
2c801a8d730d4dafab1b4fdda96edb46,semantic,reasoning,False,False,0.7203883495145631,2720.8776699029127,67.52931569528579,0.2466978875429885,737,8.959328467026353,False,delivered,0.40434639805395856
2c801a8d730d4dafab1b4fdda96edb46,semantic,small,False,False,,,,,,,,not_sampled_or_unavailable,
932e8da3f3324d86869c8e65768431db,extraction,medium,False,True,0.6873786407766991,3436.4330097087377,36.45314691968617,0.33329125569283136,3067,2.6249928567558527,True,delivered,0.007039052671491852
932e8da3f3324d86869c8e65768431db,extraction,large,True,True,0.7165048543689321,3437.114563106796,40.86376356985381,0.3403303083643232,3067,3.973263854160905,True,delivered,0.0
932e8da3f3324d86869c8e65768431db,extraction,coder,False,True,0.6815533980582524,3473.166990291262,38.10859736823244,0.31735206170252706,3037,2.6233117897063494,True,delivered,0.022978246661796153
932e8da3f3324d86869c8e65768431db,extraction,reasoning,False,False,0.7203883495145631,5559.877669902913,137.99030311106964,-0.24755704953593072,3427,13.160448744893074,True,delivered,0.5878873579002539
932e8da3f3324d86869c8e65768431db,extraction,small,False,False,,,,,,,,not_sampled_or_unavailable,
932e8da3f3324d86869c8e65768431db,semantic,medium,False,True,0.6873786407766991,610.4330097087379,6.475378430096291,0.6244800981407808,280,0.3543012663722038,False,delivered,0.0251414041859922
932e8da3f3324d86869c8e65768431db,semantic,large,True,True,0.7165048543689321,611.1145631067961,7.265524777363871,0.649621502326773,280,0.5987771041691303,False,delivered,0.0
932e8da3f3324d86869c8e65768431db,semantic,coder,False,True,0.6815533980582524,647.1669902912622,7.10090425596043,0.6136905272638872,284,0.4144155066460371,False,delivered,0.035930975062885784
932e8da3f3324d86869c8e65768431db,semantic,reasoning,False,False,0.7203883495145631,2733.8776699029127,67.85196199201182,0.24443465605935832,651,8.707184975966811,False,delivered,0.40518684626741464
932e8da3f3324d86869c8e65768431db,semantic,small,False,False,,,,,,,,not_sampled_or_unavailable,
afcc2a4cb812459bb0701191d153b0e0,extraction,medium,False,True,0.6873786407766991,3253.4330097087377,34.51191138055137,0.3521474333885054,3497,8.414757538586855,True,delivered,0.008211285625190856
afcc2a4cb812459bb0701191d153b0e0,extraction,large,True,True,0.7165048543689321,3254.114563106796,38.6880814399792,0.36035871901369626,3278,6.525685150176287,False,delivered,0.0
afcc2a4cb812459bb0701191d153b0e0,extraction,coder,False,True,0.6815533980582524,3290.166990291262,36.100668196418646,0.336541707561596,3225,3.3534949515014887,True,delivered,0.023817011452100245
afcc2a4cb812459bb0701191d153b0e0,extraction,reasoning,False,False,0.7203883495145631,5376.877669902913,133.44843601100325,-0.21569771403559895,3792,19.074208738282323,False,delivered,0.5760564330492952
afcc2a4cb812459bb0701191d153b0e0,extraction,small,False,False,,,,,,,,not_sampled_or_unavailable,
afcc2a4cb812459bb0701191d153b0e0,semantic,medium,False,True,0.6873786407766991,590.4330097087379,6.263221540573362,0.6265408825883954,302,0.29788646288216114,False,delivered,0.025269517077106896
afcc2a4cb812459bb0701191d153b0e0,semantic,large,True,True,0.7165048543689321,591.1145631067961,7.0277453096180125,0.6518103996655022,302,0.54089898429811,False,delivered,0.0
afcc2a4cb812459bb0701191d153b0e0,semantic,coder,False,True,0.6815533980582524,627.1669902912622,6.88145844483324,0.6157877563195232,306,0.49544551968574524,False,delivered,0.036022643345979044
afcc2a4cb812459bb0701191d153b0e0,semantic,reasoning,False,False,0.7203883495145631,2713.8776699029127,67.35558307397179,0.24791655064955848,778,10.878075543791056,False,delivered,0.4038938490159438
afcc2a4cb812459bb0701191d153b0e0,semantic,small,False,False,,,,,,,,not_sampled_or_unavailable,
ee80ef04eaf24baeb8740856808c6501,extraction,medium,False,True,0.6873786407766991,3433.4330097087377,36.421323386257725,0.33360037335997356,3811,6.011055272072554,True,delivered,0.007058269605159095
ee80ef04eaf24baeb8740856808c6501,extraction,large,True,True,0.7165048543689321,3434.114563106796,40.82809664969193,0.34065864296513265,3673,5.088989857584238,True,delivered,0.0
ee80ef04eaf24baeb8740856808c6501,extraction,coder,False,True,0.6815533980582524,3470.166990291262,38.07568049656336,0.3176666460608726,4036,9.827468918636441,False,delivered,0.02299199690426007
ee80ef04eaf24baeb8740856808c6501,extraction,reasoning,False,False,0.7203883495145631,5556.877669902913,137.91584627336363,-0.2470347653474007,4476,23.544572703540325,False,delivered,0.5876934083125334
ee80ef04eaf24baeb8740856808c6501,extraction,small,False,False,,,,,,,,not_sampled_or_unavailable,
ee80ef04eaf24baeb8740856808c6501,semantic,medium,False,True,0.6873786407766991,599.4330097087379,6.35869214085868,0.6256135295869687,301,0.5115133486688137,False,delivered,0.025211866276105277
ee80ef04eaf24baeb8740856808c6501,semantic,large,True,True,0.7165048543689321,600.1145631067961,7.134746070103649,0.650825395863074,297,0.6782844401896,False,delivered,0.0
ee80ef04eaf24baeb8740856808c6501,semantic,coder,False,True,0.6815533980582524,636.1669902912622,6.980209059840475,0.614844003244487,305,0.6296286322176456,False,delivered,0.035981392618587016
ee80ef04eaf24baeb8740856808c6501,semantic,reasoning,False,False,0.7203883495145631,2722.8776699029127,67.5789535870898,0.24634969808396845,719,10.031254053115845,False,delivered,0.4044756977791055
ee80ef04eaf24baeb8740856808c6501,semantic,small,False,False,,,,,,,,not_sampled_or_unavailable,
b06dcff918b84dbc8bdc39df31d6c355,extraction,medium,False,True,0.6873786407766991,3354.4330097087377,35.58330367264216,0.3417404719280514,3429,3.212849088013172,False,delivered,0.0075643155250619265
b06dcff918b84dbc8bdc39df31d6c355,extraction,large,True,True,0.7165048543689321,3355.114563106796,39.88886775209579,0.34930478745311333,3380,3.3607276398688555,False,delivered,0.0
b06dcff918b84dbc8bdc39df31d6c355,extraction,coder,False,True,0.6815533980582524,3391.166990291262,37.208869542610955,0.3259507008306345,3390,2.529988683760166,False,delivered,0.023354086622478842
b06dcff918b84dbc8bdc39df31d6c355,extraction,reasoning,False,False,0.7203883495145631,5477.877669902913,135.95514954710546,-0.23328128171610985,3670,11.549282442778349,False,delivered,0.5825860691692232
b06dcff918b84dbc8bdc39df31d6c355,extraction,small,False,False,,,,,,,,not_sampled_or_unavailable,
b06dcff918b84dbc8bdc39df31d6c355,semantic,medium,False,True,0.6873786407766991,607.4330097087379,6.443554896667852,0.6247892158079229,250,0.426012609153986,False,delivered,0.025160621119659443
b06dcff918b84dbc8bdc39df31d6c355,semantic,large,True,True,0.7165048543689321,608.1145631067961,7.229857857201992,0.6499498369275823,250,0.43669063225388527,False,delivered,0.0
b06dcff918b84dbc8bdc39df31d6c355,semantic,coder,False,True,0.6815533980582524,644.1669902912622,7.067987384291352,0.6140051116222326,254,0.5255703050643206,False,delivered,0.035944725305349756
b06dcff918b84dbc8bdc39df31d6c355,semantic,reasoning,False,False,0.7203883495145631,2730.8776699029127,67.77750515430581,0.24495694024788833,611,8.794499726966023,False,delivered,0.404992896679694
b06dcff918b84dbc8bdc39df31d6c355,semantic,small,False,False,,,,,,,,not_sampled_or_unavailable,
776342a2d8c1492286eedc213289f373,extraction,medium,False,True,0.6873786407766991,3336.4330097087377,35.392362472071525,0.3435951779309045,3535,9.070578502491117,False,delivered,0.007679617127065219
776342a2d8c1492286eedc213289f373,extraction,large,True,True,0.7165048543689321,3337.114563106796,39.67486623112452,0.3512747950579697,3233,5.135944219306111,True,delivered,0.0
776342a2d8c1492286eedc213289f373,extraction,coder,False,True,0.6815533980582524,3373.166990291262,37.01136831259648,0.32783820698070687,3511,8.742892432957888,True,delivered,0.023436588077262843
776342a2d8c1492286eedc213289f373,extraction,reasoning,False,False,0.7203883495145631,5459.877669902913,135.50840852086944,-0.2301475765849298,5329,41.11178781092167,False,delivered,0.5814223716428994
776342a2d8c1492286eedc213289f373,extraction,small,False,False,,,,,,,,not_sampled_or_unavailable,
776342a2d8c1492286eedc213289f373,semantic,medium,False,True,0.6873786407766991,605.4330097087379,6.4223392077155586,0.6249952942526844,348,0.43773502856492996,False,delivered,0.02517343240877079
776342a2d8c1492286eedc213289f373,semantic,large,True,True,0.7165048543689321,606.1145631067961,7.206079910427407,0.6501687266614552,344,0.4165176674723625,False,delivered,0.0
776342a2d8c1492286eedc213289f373,semantic,coder,False,True,0.6815533980582524,642.1669902912622,7.046042803178633,0.6142148345277961,352,0.4935419540852308,False,delivered,0.03595389213365907
776342a2d8c1492286eedc213289f373,semantic,reasoning,False,False,0.7203883495145631,2728.8776699029127,67.7278672625018,0.2453051297069085,991,14.865525547415018,False,delivered,0.4048635969545467
776342a2d8c1492286eedc213289f373,semantic,small,False,False,,,,,,,,not_sampled_or_unavailable,
f7ec51ba9e154506928cce9df7a501d0,extraction,medium,True,True,0.6873786407766991,4663.433009708738,49.46897209191787,0.20686212983167285,,,,not_sampled_or_unavailable,0.0
f7ec51ba9e154506928cce9df7a501d0,extraction,large,False,True,0.7165048543689321,4664.114563106796,55.45153391606228,0.20604145663328088,,,,not_sampled_or_unavailable,0.0008206731983919635
f7ec51ba9e154506928cce9df7a501d0,extraction,coder,False,True,0.6815533980582524,4700.166990291262,51.57159788088556,0.18868705913926154,,,,not_sampled_or_unavailable,0.01817507069241131
f7ec51ba9e154506928cce9df7a501d0,extraction,reasoning,False,False,0.7203883495145631,6786.877669902913,168.44314973282616,-0.46117128264471346,,,,not_sampled_or_unavailable,0.6680334124763863
f7ec51ba9e154506928cce9df7a501d0,extraction,small,False,False,,,,,,,,not_sampled_or_unavailable,
f7ec51ba9e154506928cce9df7a501d0,semantic,medium,False,True,0.6873786407766991,609.4330097087379,6.464770585620144,0.6245831373631615,,,,not_sampled_or_unavailable,0.025147809830547874
f7ec51ba9e154506928cce9df7a501d0,semantic,large,True,True,0.7165048543689321,610.1145631067961,7.253635803976579,0.6497309471937094,,,,not_sampled_or_unavailable,0.0
f7ec51ba9e154506928cce9df7a501d0,semantic,coder,False,True,0.6815533980582524,646.1669902912622,7.08993196540407,0.613795388716669,,,,not_sampled_or_unavailable,0.03593555847704033
f7ec51ba9e154506928cce9df7a501d0,semantic,reasoning,False,False,0.7203883495145631,2732.8776699029127,67.82714304610981,0.24460875078886835,,,,not_sampled_or_unavailable,0.40512219640484104
f7ec51ba9e154506928cce9df7a501d0,semantic,small,False,False,,,,,,,,not_sampled_or_unavailable,
f684905728d64025b6c535b461828efc,extraction,medium,False,True,0.6873786407766991,4091.4330097087377,43.4012850515621,0.2658005650334517,,,,not_sampled_or_unavailable,0.002843355487486987
f684905728d64025b6c535b461828efc,extraction,large,True,True,0.7165048543689321,4092.114563106796,48.651041138530715,0.26864392052093866,,,,not_sampled_or_unavailable,0.0
f684905728d64025b6c535b461828efc,extraction,coder,False,True,0.6815533980582524,4128.166990291262,45.29544768264791,0.24866781013044978,,,,not_sampled_or_unavailable,0.019976110390488883
f684905728d64025b6c535b461828efc,extraction,reasoning,False,False,0.7203883495145631,6214.877669902913,154.24671267688097,-0.3615890973649874,,,,not_sampled_or_unavailable,0.6302330178859261
f684905728d64025b6c535b461828efc,extraction,small,False,False,,,,,,,,not_sampled_or_unavailable,
f684905728d64025b6c535b461828efc,semantic,medium,False,True,0.6873786407766991,593.4330097087379,6.295045074001801,0.6262317649212532,,,,not_sampled_or_unavailable,0.025250300143439652
f684905728d64025b6c535b461828efc,semantic,large,True,True,0.7165048543689321,594.1145631067961,7.063412229779891,0.6514820650646929,,,,not_sampled_or_unavailable,0.0
f684905728d64025b6c535b461828efc,semantic,coder,False,True,0.6815533980582524,630.1669902912622,6.914375316502317,0.6154731719611777,,,,not_sampled_or_unavailable,0.03600889310351518
f684905728d64025b6c535b461828efc,semantic,reasoning,False,False,0.7203883495145631,2716.8776699029127,67.43003991167778,0.24739426646102852,,,,not_sampled_or_unavailable,0.40408779860366434
f684905728d64025b6c535b461828efc,semantic,small,False,False,,,,,,,,not_sampled_or_unavailable,
392ab22659394f8593b47ff148418749,extraction,medium,False,True,0.6873786407766991,2846.4330097087377,30.19451867875976,0.3940843968974634,,,,not_sampled_or_unavailable,0.01081838295937404
392ab22659394f8593b47ff148418749,extraction,large,True,True,0.7165048543689321,2847.114563106796,33.84926927135096,0.4049027798568374,,,,not_sampled_or_unavailable,0.0
392ab22659394f8593b47ff148418749,extraction,coder,False,True,0.6815533980582524,2883.166990291262,31.634945939980316,0.37922031884378776,,,,not_sampled_or_unavailable,0.025682461013049662
392ab22659394f8593b47ff148418749,extraction,reasoning,False,False,0.7203883495145631,4969.877669902913,123.34712502888844,-0.14484115912502482,,,,not_sampled_or_unavailable,0.5497439389818622
392ab22659394f8593b47ff148418749,extraction,small,False,False,,,,,,,,not_sampled_or_unavailable,
392ab22659394f8593b47ff148418749,semantic,medium,False,True,0.6873786407766991,592.4330097087379,6.284437229525654,0.626334804143634,,,,not_sampled_or_unavailable,0.025256705787995326
392ab22659394f8593b47ff148418749,semantic,large,True,True,0.7165048543689321,593.1145631067961,7.051523256392597,0.6515915099316293,,,,not_sampled_or_unavailable,0.0
392ab22659394f8593b47ff148418749,semantic,coder,False,True,0.6815533980582524,629.1669902912622,6.903403025945958,0.6155780334139596,,,,not_sampled_or_unavailable,0.03601347651766973
392ab22659394f8593b47ff148418749,semantic,reasoning,False,False,0.7203883495145631,2715.8776699029127,67.40522096577578,0.24756836119053854,,,,not_sampled_or_unavailable,0.40402314874109074
392ab22659394f8593b47ff148418749,semantic,small,False,False,,,,,,,,not_sampled_or_unavailable,
2b311797493b42b3bd2330752ecbf533,extraction,medium,True,True,0.6873786407766991,5355.433009708738,56.80960046941121,0.13555898794420612,,,,not_sampled_or_unavailable,0.0
2b311797493b42b3bd2330752ecbf533,extraction,large,False,True,0.7165048543689321,5356.114563106796,63.67870350006903,0.1303056087132471,,,,not_sampled_or_unavailable,0.005253379230959032
2b311797493b42b3bd2330752ecbf533,extraction,coder,False,True,0.6815533980582524,5392.166990291262,59.16442294588635,0.11612293381425759,,,,not_sampled_or_unavailable,0.019436054129948532
2b311797493b42b3bd2330752ecbf533,extraction,reasoning,False,False,0.7203883495145631,7478.877669902913,185.6178602970116,-0.5816448354656405,,,,not_sampled_or_unavailable,0.7172038234098466
2b311797493b42b3bd2330752ecbf533,extraction,small,False,False,,,,,,,,not_sampled_or_unavailable,
2b311797493b42b3bd2330752ecbf533,semantic,medium,False,True,0.6873786407766991,606.4330097087379,6.432947052191705,0.6248922550303037,,,,not_sampled_or_unavailable,0.025167026764215117
2b311797493b42b3bd2330752ecbf533,semantic,large,True,True,0.7165048543689321,607.1145631067961,7.2179688838147005,0.6500592817945188,,,,not_sampled_or_unavailable,0.0
2b311797493b42b3bd2330752ecbf533,semantic,coder,False,True,0.6815533980582524,643.1669902912622,7.057015093734991,0.6141099730750144,,,,not_sampled_or_unavailable,0.035949308719504414
2b311797493b42b3bd2330752ecbf533,semantic,reasoning,False,False,0.7203883495145631,2729.8776699029127,67.7526862084038,0.2451310349773984,,,,not_sampled_or_unavailable,0.40492824681712036
2b311797493b42b3bd2330752ecbf533,semantic,small,False,False,,,,,,,,not_sampled_or_unavailable,
fdbd9f2ef687484a8ec588b42b0317f9,extraction,medium,True,True,0.6873786407766991,4579.433009708738,48.577913155921564,0.21551742451165437,,,,not_sampled_or_unavailable,0.0
fdbd9f2ef687484a8ec588b42b0317f9,extraction,large,False,True,0.7165048543689321,4580.114563106796,54.45286015152967,0.2152348254559439,,,,not_sampled_or_unavailable,0.0002825990557104585
fdbd9f2ef687484a8ec588b42b0317f9,extraction,coder,False,True,0.6815533980582524,4616.166990291262,50.64992547415137,0.1974954211729325,,,,not_sampled_or_unavailable,0.018022003338721865
fdbd9f2ef687484a8ec588b42b0317f9,extraction,reasoning,False,False,0.7203883495145631,6702.877669902913,166.358358277058,-0.4465473253658726,,,,not_sampled_or_unavailable,0.662064749877527
fdbd9f2ef687484a8ec588b42b0317f9,extraction,small,False,False,,,,,,,,not_sampled_or_unavailable,
fdbd9f2ef687484a8ec588b42b0317f9,semantic,medium,False,True,0.6873786407766991,613.4330097087379,6.5072019635247305,0.6241709804736386,,,,not_sampled_or_unavailable,0.025122187252324957
fdbd9f2ef687484a8ec588b42b0317f9,semantic,large,True,True,0.7165048543689321,614.1145631067961,7.30119169752575,0.6492931677259636,,,,not_sampled_or_unavailable,0.0
fdbd9f2ef687484a8ec588b42b0317f9,semantic,coder,False,True,0.6815533980582524,650.1669902912622,7.133821127629508,0.6133759429055418,,,,not_sampled_or_unavailable,0.03591722482042181
fdbd9f2ef687484a8ec588b42b0317f9,semantic,reasoning,False,False,0.7203883495145631,2736.8776699029127,67.92641882971783,0.24391237187082826,,,,not_sampled_or_unavailable,0.4053807958551353
fdbd9f2ef687484a8ec588b42b0317f9,semantic,small,False,False,,,,,,,,not_sampled_or_unavailable,
73e5a61285a24255bb9c67aa68f2a100,extraction,medium,False,True,0.6873786407766991,4474.433009708738,47.46408948592619,0.2263365428616312,,,,not_sampled_or_unavailable,0.00038999362264149906
73e5a61285a24255bb9c67aa68f2a100,extraction,large,True,True,0.7165048543689321,4475.114563106796,53.20451794586391,0.2267265364842727,,,,not_sampled_or_unavailable,0.0
73e5a61285a24255bb9c67aa68f2a100,extraction,coder,False,True,0.6815533980582524,4511.166990291262,49.49783496573362,0.20850587371502122,,,,not_sampled_or_unavailable,0.018220662769251494
73e5a61285a24255bb9c67aa68f2a100,extraction,reasoning,False,False,0.7203883495145631,6597.877669902913,163.75236895734778,-0.42826737876732157,,,,not_sampled_or_unavailable,0.6549939152515942
73e5a61285a24255bb9c67aa68f2a100,extraction,small,False,False,,,,,,,,not_sampled_or_unavailable,
73e5a61285a24255bb9c67aa68f2a100,semantic,medium,False,True,0.6873786407766991,605.4330097087379,6.4223392077155586,0.6249952942526844,,,,not_sampled_or_unavailable,0.02517343240877079
73e5a61285a24255bb9c67aa68f2a100,semantic,large,True,True,0.7165048543689321,606.1145631067961,7.206079910427407,0.6501687266614552,,,,not_sampled_or_unavailable,0.0
73e5a61285a24255bb9c67aa68f2a100,semantic,coder,False,True,0.6815533980582524,642.1669902912622,7.046042803178633,0.6142148345277961,,,,not_sampled_or_unavailable,0.03595389213365907
73e5a61285a24255bb9c67aa68f2a100,semantic,reasoning,False,False,0.7203883495145631,2728.8776699029127,67.7278672625018,0.2453051297069085,,,,not_sampled_or_unavailable,0.4048635969545467
73e5a61285a24255bb9c67aa68f2a100,semantic,small,False,False,,,,,,,,not_sampled_or_unavailable,
b52ac057503f483ca5e6a9c4bbef9367,extraction,medium,False,True,0.6873786407766991,3336.4330097087377,35.392362472071525,0.3435951779309045,,,,not_sampled_or_unavailable,0.007679617127065219
b52ac057503f483ca5e6a9c4bbef9367,extraction,large,True,True,0.7165048543689321,3337.114563106796,39.67486623112452,0.3512747950579697,,,,not_sampled_or_unavailable,0.0
b52ac057503f483ca5e6a9c4bbef9367,extraction,coder,False,True,0.6815533980582524,3373.166990291262,37.01136831259648,0.32783820698070687,,,,not_sampled_or_unavailable,0.023436588077262843
b52ac057503f483ca5e6a9c4bbef9367,extraction,reasoning,False,False,0.7203883495145631,5459.877669902913,135.50840852086944,-0.2301475765849298,,,,not_sampled_or_unavailable,0.5814223716428994
b52ac057503f483ca5e6a9c4bbef9367,extraction,small,False,False,,,,,,,,not_sampled_or_unavailable,
b52ac057503f483ca5e6a9c4bbef9367,semantic,medium,False,True,0.6873786407766991,600.4330097087379,6.369299985334826,0.6255104903645881,,,,not_sampled_or_unavailable,0.025205460631549492
b52ac057503f483ca5e6a9c4bbef9367,semantic,large,True,True,0.7165048543689321,601.1145631067961,7.146635043490942,0.6507159509961375,,,,not_sampled_or_unavailable,0.0
b52ac057503f483ca5e6a9c4bbef9367,semantic,coder,False,True,0.6815533980582524,637.1669902912622,6.991181350396834,0.6147391417917052,,,,not_sampled_or_unavailable,0.03597680920443236
b52ac057503f483ca5e6a9c4bbef9367,semantic,reasoning,False,False,0.7203883495145631,2723.8776699029127,67.6037725329918,0.24617560335445848,,,,not_sampled_or_unavailable,0.40454034764167907
b52ac057503f483ca5e6a9c4bbef9367,semantic,small,False,False,,,,,,,,not_sampled_or_unavailable,
e04bd1f7dbfd45168ebe2d75bccdaa9f,extraction,medium,False,True,0.6873786407766991,3784.4330097087377,40.14467679738513,0.29743360630433646,,,,not_sampled_or_unavailable,0.0048098883660968594
e04bd1f7dbfd45168ebe2d75bccdaa9f,extraction,large,True,True,0.7165048543689321,3785.114563106796,45.00112630863177,0.3022434946704333,,,,not_sampled_or_unavailable,0.0
e04bd1f7dbfd45168ebe2d75bccdaa9f,extraction,coder,False,True,0.6815533980582524,3821.166990291262,41.92695448184555,0.2808602761344616,,,,not_sampled_or_unavailable,0.02138321853597175
e04bd1f7dbfd45168ebe2d75bccdaa9f,extraction,reasoning,False,False,0.7203883495145631,5907.877669902913,146.62729628496635,-0.30814201540541436,,,,not_sampled_or_unavailable,0.6103855100758477
e04bd1f7dbfd45168ebe2d75bccdaa9f,extraction,small,False,False,,,,,,,,not_sampled_or_unavailable,
e04bd1f7dbfd45168ebe2d75bccdaa9f,semantic,medium,False,True,0.6873786407766991,598.4330097087379,6.348084296382533,0.6257165688093494,,,,not_sampled_or_unavailable,0.02521827192066106
e04bd1f7dbfd45168ebe2d75bccdaa9f,semantic,large,True,True,0.7165048543689321,599.1145631067961,7.122857096716356,0.6509348407300105,,,,not_sampled_or_unavailable,0.0
e04bd1f7dbfd45168ebe2d75bccdaa9f,semantic,coder,False,True,0.6815533980582524,635.1669902912622,6.969236769284115,0.6149488646972687,,,,not_sampled_or_unavailable,0.035985976032741784
e04bd1f7dbfd45168ebe2d75bccdaa9f,semantic,reasoning,False,False,0.7203883495145631,2721.8776699029127,67.5541346411878,0.24652379281347847,,,,not_sampled_or_unavailable,0.40441104791653204
e04bd1f7dbfd45168ebe2d75bccdaa9f,semantic,small,False,False,,,,,,,,not_sampled_or_unavailable,
60eb9b850df64568b4b02bd869fc2fa6,extraction,medium,True,True,0.6873786407766991,4767.433009708738,50.572187917437105,0.1961460507040766,,,,not_sampled_or_unavailable,0.0
60eb9b850df64568b4b02bd869fc2fa6,extraction,large,False,True,0.7165048543689321,4768.114563106796,56.68798714834075,0.1946591904718885,,,,not_sampled_or_unavailable,0.0014868602321880808
60eb9b850df64568b4b02bd869fc2fa6,extraction,coder,False,True,0.6815533980582524,4804.166990291262,52.71271609874695,0.1777814680499546,,,,not_sampled_or_unavailable,0.018364582654121997
60eb9b850df64568b4b02bd869fc2fa6,extraction,reasoning,False,False,0.7203883495145631,6890.877669902913,171.02432010663438,-0.4792771345137545,,,,not_sampled_or_unavailable,0.6754231852178311
60eb9b850df64568b4b02bd869fc2fa6,extraction,small,False,False,,,,,,,,not_sampled_or_unavailable,
60eb9b850df64568b4b02bd869fc2fa6,semantic,medium,False,True,0.6873786407766991,612.4330097087379,6.496594119048583,0.6242740196960193,,,,not_sampled_or_unavailable,0.02512859289688074
60eb9b850df64568b4b02bd869fc2fa6,semantic,large,True,True,0.7165048543689321,613.1145631067961,7.289302724138458,0.6494026125929,,,,not_sampled_or_unavailable,0.0
60eb9b850df64568b4b02bd869fc2fa6,semantic,coder,False,True,0.6815533980582524,649.1669902912622,7.122848837073149,0.6134808043583235,,,,not_sampled_or_unavailable,0.03592180823457647
60eb9b850df64568b4b02bd869fc2fa6,semantic,reasoning,False,False,0.7203883495145631,2735.8776699029127,67.90159988381582,0.24408646660033834,,,,not_sampled_or_unavailable,0.40531614599256166
60eb9b850df64568b4b02bd869fc2fa6,semantic,small,False,False,,,,,,,,not_sampled_or_unavailable,
a3908b821ac5470a935233f0bda0081e,extraction,medium,False,True,0.6873786407766991,3226.4330097087377,34.22549957969541,0.35492949239278515,,,,not_sampled_or_unavailable,0.0083842380281956
a3908b821ac5470a935233f0bda0081e,extraction,large,True,True,0.7165048543689321,3227.114563106796,38.367079158522294,0.36331373042098075,,,,not_sampled_or_unavailable,0.0
a3908b821ac5470a935233f0bda0081e,extraction,coder,False,True,0.6815533980582524,3263.166990291262,35.80441635139694,0.33937296678670464,,,,not_sampled_or_unavailable,0.023940763634276108
a3908b821ac5470a935233f0bda0081e,extraction,reasoning,False,False,0.7203883495145631,5349.877669902913,132.7783244716492,-0.21099715633882865,,,,not_sampled_or_unavailable,0.5743108867598095
a3908b821ac5470a935233f0bda0081e,extraction,small,False,False,,,,,,,,not_sampled_or_unavailable,
a3908b821ac5470a935233f0bda0081e,semantic,medium,False,True,0.6873786407766991,601.4330097087379,6.379907829810972,0.6254074511422073,,,,not_sampled_or_unavailable,0.025199054986993707
a3908b821ac5470a935233f0bda0081e,semantic,large,True,True,0.7165048543689321,602.1145631067961,7.158524016878235,0.650606506129201,,,,not_sampled_or_unavailable,0.0
a3908b821ac5470a935233f0bda0081e,semantic,coder,False,True,0.6815533980582524,638.1669902912622,7.002153640953194,0.6146342803389233,,,,not_sampled_or_unavailable,0.0359722257902777
a3908b821ac5470a935233f0bda0081e,semantic,reasoning,False,False,0.7203883495145631,2724.8776699029127,67.62859147889381,0.2460015086249484,,,,not_sampled_or_unavailable,0.4046049975042526
a3908b821ac5470a935233f0bda0081e,semantic,small,False,False,,,,,,,,not_sampled_or_unavailable,
45d7508d5fc247c0b551185775a26005,extraction,medium,False,True,0.6873786407766991,3101.4330097087377,32.8995190201771,0.36780939519037664,,,,not_sampled_or_unavailable,0.009184943597662254
45d7508d5fc247c0b551185775a26005,extraction,large,True,True,0.7165048543689321,3102.114563106796,36.88095748511066,0.3769943387880389,,,,not_sampled_or_unavailable,0.0
45d7508d5fc247c0b551185775a26005,extraction,coder,False,True,0.6815533980582524,3138.166990291262,34.432880031851994,0.35248064838442933,,,,not_sampled_or_unavailable,0.024513690403609567
45d7508d5fc247c0b551185775a26005,extraction,reasoning,False,False,0.7203883495145631,5224.877669902913,129.67595623389894,-0.18923531515007735,,,,not_sampled_or_unavailable,0.5662296539381162
45d7508d5fc247c0b551185775a26005,extraction,small,False,False,,,,,,,,not_sampled_or_unavailable,
45d7508d5fc247c0b551185775a26005,semantic,medium,False,True,0.6873786407766991,602.4330097087379,6.390515674287119,0.6253044119198266,,,,not_sampled_or_unavailable,0.025192649342438034
45d7508d5fc247c0b551185775a26005,semantic,large,True,True,0.7165048543689321,603.1145631067961,7.170412990265528,0.6504970612622646,,,,not_sampled_or_unavailable,0.0
45d7508d5fc247c0b551185775a26005,semantic,coder,False,True,0.6815533980582524,639.1669902912622,7.0131259315095535,0.6145294188861415,,,,not_sampled_or_unavailable,0.035967642376123043
45d7508d5fc247c0b551185775a26005,semantic,reasoning,False,False,0.7203883495145631,2725.8776699029127,67.65341042479581,0.24582741389543833,,,,not_sampled_or_unavailable,0.40466964736682626
45d7508d5fc247c0b551185775a26005,semantic,small,False,False,,,,,,,,not_sampled_or_unavailable,
87db6a9c0c874dc4ba00221006d105b1,extraction,medium,False,True,0.6873786407766991,3378.4330097087377,35.837891940069674,0.33926753059091375,,,,not_sampled_or_unavailable,0.007410580055724425
87db6a9c0c874dc4ba00221006d105b1,extraction,large,True,True,0.7165048543689321,3379.114563106796,40.174203113390824,0.34667811064663817,,,,not_sampled_or_unavailable,0.0
87db6a9c0c874dc4ba00221006d105b1,extraction,coder,False,True,0.6815533980582524,3415.166990291262,37.47220451596358,0.3234340259638714,,,,not_sampled_or_unavailable,0.023244084682766786
87db6a9c0c874dc4ba00221006d105b1,extraction,reasoning,False,False,0.7203883495145631,5501.877669902913,136.5508042487535,-0.23745955522435008,,,,not_sampled_or_unavailable,0.5841376658709883
87db6a9c0c874dc4ba00221006d105b1,extraction,small,False,False,,,,,,,,not_sampled_or_unavailable,
87db6a9c0c874dc4ba00221006d105b1,semantic,medium,False,True,0.6873786407766991,597.4330097087379,6.337476451906387,0.6258196080317302,,,,not_sampled_or_unavailable,0.025224677565216846
87db6a9c0c874dc4ba00221006d105b1,semantic,large,True,True,0.7165048543689321,598.1145631067961,7.110968123329063,0.651044285596947,,,,not_sampled_or_unavailable,0.0
87db6a9c0c874dc4ba00221006d105b1,semantic,coder,False,True,0.6815533980582524,634.1669902912622,6.958264478727756,0.6150537261500505,,,,not_sampled_or_unavailable,0.03599055944689655
87db6a9c0c874dc4ba00221006d105b1,semantic,reasoning,False,False,0.7203883495145631,2720.8776699029127,67.52931569528579,0.2466978875429885,,,,not_sampled_or_unavailable,0.40434639805395856
87db6a9c0c874dc4ba00221006d105b1,semantic,small,False,False,,,,,,,,not_sampled_or_unavailable,
3bc3ca75a68849c88d84e9771a9a93a5,extraction,medium,False,True,0.6873786407766991,3929.4330097087377,41.68281424642637,0.2824929190591303,,,,not_sampled_or_unavailable,0.0038810699055156217
3bc3ca75a68849c88d84e9771a9a93a5,extraction,large,True,True,0.7165048543689321,3930.114563106796,46.72502744978925,0.28637398896464594,,,,not_sampled_or_unavailable,0.0
3bc3ca75a68849c88d84e9771a9a93a5,extraction,coder,False,True,0.6815533980582524,3966.166990291262,43.51793661251768,0.2656553654811009,,,,not_sampled_or_unavailable,0.02071862348354503
3bc3ca75a68849c88d84e9771a9a93a5,extraction,reasoning,False,False,0.7203883495145631,6052.877669902913,150.22604344075665,-0.3333857511843659,,,,not_sampled_or_unavailable,0.6197597401490118
3bc3ca75a68849c88d84e9771a9a93a5,extraction,small,False,False,,,,,,,,not_sampled_or_unavailable,
3bc3ca75a68849c88d84e9771a9a93a5,semantic,medium,False,True,0.6873786407766991,601.4330097087379,6.379907829810972,0.6254074511422073,,,,not_sampled_or_unavailable,0.025199054986993707
3bc3ca75a68849c88d84e9771a9a93a5,semantic,large,True,True,0.7165048543689321,602.1145631067961,7.158524016878235,0.650606506129201,,,,not_sampled_or_unavailable,0.0
3bc3ca75a68849c88d84e9771a9a93a5,semantic,coder,False,True,0.6815533980582524,638.1669902912622,7.002153640953194,0.6146342803389233,,,,not_sampled_or_unavailable,0.0359722257902777
3bc3ca75a68849c88d84e9771a9a93a5,semantic,reasoning,False,False,0.7203883495145631,2724.8776699029127,67.62859147889381,0.2460015086249484,,,,not_sampled_or_unavailable,0.4046049975042526
3bc3ca75a68849c88d84e9771a9a93a5,semantic,small,False,False,,,,,,,,not_sampled_or_unavailable,
5b517a2f25604d1da72d9b9ab5d7f7f2,extraction,medium,False,True,0.6873786407766991,3467.4330097087377,36.781990098446705,0.33009703979902866,,,,not_sampled_or_unavailable,0.00684047769026408
5b517a2f25604d1da72d9b9ab5d7f7f2,extraction,large,True,True,0.7165048543689321,3468.114563106796,41.232321744859895,0.33693751748929274,,,,not_sampled_or_unavailable,0.0
5b517a2f25604d1da72d9b9ab5d7f7f2,extraction,coder,False,True,0.6815533980582524,3504.166990291262,38.44873837547958,0.31410135666629146,,,,not_sampled_or_unavailable,0.022836160823001272
5b517a2f25604d1da72d9b9ab5d7f7f2,extraction,reasoning,False,False,0.7203883495145631,5590.877669902913,138.7596904340317,-0.25295398615074116,,,,not_sampled_or_unavailable,0.5898915036400338
5b517a2f25604d1da72d9b9ab5d7f7f2,extraction,small,False,False,,,,,,,,not_sampled_or_unavailable,
5b517a2f25604d1da72d9b9ab5d7f7f2,semantic,medium,False,True,0.6873786407766991,600.4330097087379,6.369299985334826,0.6255104903645881,,,,not_sampled_or_unavailable,0.025205460631549492
5b517a2f25604d1da72d9b9ab5d7f7f2,semantic,large,True,True,0.7165048543689321,601.1145631067961,7.146635043490942,0.6507159509961375,,,,not_sampled_or_unavailable,0.0
5b517a2f25604d1da72d9b9ab5d7f7f2,semantic,coder,False,True,0.6815533980582524,637.1669902912622,6.991181350396834,0.6147391417917052,,,,not_sampled_or_unavailable,0.03597680920443236
5b517a2f25604d1da72d9b9ab5d7f7f2,semantic,reasoning,False,False,0.7203883495145631,2723.8776699029127,67.6037725329918,0.24617560335445848,,,,not_sampled_or_unavailable,0.40454034764167907
5b517a2f25604d1da72d9b9ab5d7f7f2,semantic,small,False,False,,,,,,,,not_sampled_or_unavailable,
54013e658a63468d82d46b6cf9113ca4,extraction,medium,False,True,0.6873786407766991,3783.4330097087377,40.13406895290899,0.2975366455267172,,,,not_sampled_or_unavailable,0.004816294010652589
54013e658a63468d82d46b6cf9113ca4,extraction,large,True,True,0.7165048543689321,3784.114563106796,44.989237335244475,0.3023529395373698,,,,not_sampled_or_unavailable,0.0
54013e658a63468d82d46b6cf9113ca4,extraction,coder,False,True,0.6815533980582524,3820.166990291262,41.91598219128919,0.28096513758724334,,,,not_sampled_or_unavailable,0.02138780195012646
54013e658a63468d82d46b6cf9113ca4,extraction,reasoning,False,False,0.7203883495145631,5906.877669902913,146.60247733906436,-0.30796792067590445,,,,not_sampled_or_unavailable,0.6103208602132743
54013e658a63468d82d46b6cf9113ca4,extraction,small,False,False,,,,,,,,not_sampled_or_unavailable,
54013e658a63468d82d46b6cf9113ca4,semantic,medium,False,True,0.6873786407766991,614.4330097087379,6.517809808000877,0.6240679412512579,,,,not_sampled_or_unavailable,0.025115781607769172
54013e658a63468d82d46b6cf9113ca4,semantic,large,True,True,0.7165048543689321,615.1145631067961,7.313080670913044,0.649183722859027,,,,not_sampled_or_unavailable,0.0
54013e658a63468d82d46b6cf9113ca4,semantic,coder,False,True,0.6815533980582524,651.1669902912622,7.144793418185868,0.61327108145276,,,,not_sampled_or_unavailable,0.03591264140626704
54013e658a63468d82d46b6cf9113ca4,semantic,reasoning,False,False,0.7203883495145631,2737.8776699029127,67.95123777561983,0.2437382771413183,,,,not_sampled_or_unavailable,0.40544544571770874
54013e658a63468d82d46b6cf9113ca4,semantic,small,False,False,,,,,,,,not_sampled_or_unavailable,
e2e5b860eb464fefbf0122eed07843a3,extraction,medium,True,True,0.6873786407766991,4873.433009708738,51.69661943190863,0.185223893131719,,,,not_sampled_or_unavailable,0.0
e2e5b860eb464fefbf0122eed07843a3,extraction,large,False,True,0.7165048543689321,4874.114563106796,57.94821832739381,0.18305803457662329,,,,not_sampled_or_unavailable,0.002165858555095712
e2e5b860eb464fefbf0122eed07843a3,extraction,coder,False,True,0.6815533980582524,4910.166990291262,53.875778897721055,0.166666154055084,,,,not_sampled_or_unavailable,0.018557739076634994
e2e5b860eb464fefbf0122eed07843a3,extraction,reasoning,False,False,0.7203883495145631,6996.877669902913,173.6551283722466,-0.49773117584181553,,,,not_sampled_or_unavailable,0.6829550689735345
e2e5b860eb464fefbf0122eed07843a3,extraction,small,False,False,,,,,,,,not_sampled_or_unavailable,
e2e5b860eb464fefbf0122eed07843a3,semantic,medium,False,True,0.6873786407766991,613.4330097087379,6.5072019635247305,0.6241709804736386,,,,not_sampled_or_unavailable,0.025122187252324957
e2e5b860eb464fefbf0122eed07843a3,semantic,large,True,True,0.7165048543689321,614.1145631067961,7.30119169752575,0.6492931677259636,,,,not_sampled_or_unavailable,0.0
e2e5b860eb464fefbf0122eed07843a3,semantic,coder,False,True,0.6815533980582524,650.1669902912622,7.133821127629508,0.6133759429055418,,,,not_sampled_or_unavailable,0.03591722482042181
e2e5b860eb464fefbf0122eed07843a3,semantic,reasoning,False,False,0.7203883495145631,2736.8776699029127,67.92641882971783,0.24391237187082826,,,,not_sampled_or_unavailable,0.4053807958551353
e2e5b860eb464fefbf0122eed07843a3,semantic,small,False,False,,,,,,,,not_sampled_or_unavailable,
e536fb70585741298a9b45836d692c33,extraction,medium,True,True,0.6873786407766991,5114.433009708738,54.25310995065992,0.16039144053796262,,,,not_sampled_or_unavailable,0.0
e536fb70585741298a9b45836d692c33,extraction,large,False,True,0.7165048543689321,5115.114563106796,60.81346091373142,0.15668182164493516,,,,not_sampled_or_unavailable,0.0037096188930274554
e536fb70585741298a9b45836d692c33,extraction,coder,False,True,0.6815533980582524,5151.166990291262,56.5201009218037,0.14139454393467082,,,,not_sampled_or_unavailable,0.01899689660329179
e536fb70585741298a9b45836d692c33,extraction,reasoning,False,False,0.7203883495145631,7237.877669902913,179.63649433462908,-0.5396880056537281,,,,not_sampled_or_unavailable,0.7000794461916907
e536fb70585741298a9b45836d692c33,extraction,small,False,False,,,,,,,,not_sampled_or_unavailable,
e536fb70585741298a9b45836d692c33,semantic,medium,False,True,0.6873786407766991,598.4330097087379,6.348084296382533,0.6257165688093494,,,,not_sampled_or_unavailable,0.02521827192066106
e536fb70585741298a9b45836d692c33,semantic,large,True,True,0.7165048543689321,599.1145631067961,7.122857096716356,0.6509348407300105,,,,not_sampled_or_unavailable,0.0
e536fb70585741298a9b45836d692c33,semantic,coder,False,True,0.6815533980582524,635.1669902912622,6.969236769284115,0.6149488646972687,,,,not_sampled_or_unavailable,0.035985976032741784
e536fb70585741298a9b45836d692c33,semantic,reasoning,False,False,0.7203883495145631,2721.8776699029127,67.5541346411878,0.24652379281347847,,,,not_sampled_or_unavailable,0.40441104791653204
e536fb70585741298a9b45836d692c33,semantic,small,False,False,,,,,,,,not_sampled_or_unavailable,
f34fab4302c34851bdcfa2c7f196ff9e,extraction,medium,False,True,0.6873786407766991,3830.4330097087377,40.63263764328787,0.2926938020748228,,,,not_sampled_or_unavailable,0.004515228716533148
f34fab4302c34851bdcfa2c7f196ff9e,extraction,large,True,True,0.7165048543689321,3831.114563106796,45.54801908444725,0.29720903079135597,,,,not_sampled_or_unavailable,0.0
f34fab4302c34851bdcfa2c7f196ff9e,extraction,coder,False,True,0.6815533980582524,3867.166990291262,42.43167984743808,0.2760366493064989,,,,not_sampled_or_unavailable,0.02117238148485706
f34fab4302c34851bdcfa2c7f196ff9e,extraction,reasoning,False,False,0.7203883495145631,5953.877669902913,147.76896779645847,-0.3161503729628749,,,,not_sampled_or_unavailable,0.6133594037542309
f34fab4302c34851bdcfa2c7f196ff9e,extraction,small,False,False,,,,,,,,not_sampled_or_unavailable,
f34fab4302c34851bdcfa2c7f196ff9e,semantic,medium,False,True,0.6873786407766991,602.4330097087379,6.390515674287119,0.6253044119198266,,,,not_sampled_or_unavailable,0.025192649342438034
f34fab4302c34851bdcfa2c7f196ff9e,semantic,large,True,True,0.7165048543689321,603.1145631067961,7.170412990265528,0.6504970612622646,,,,not_sampled_or_unavailable,0.0
f34fab4302c34851bdcfa2c7f196ff9e,semantic,coder,False,True,0.6815533980582524,639.1669902912622,7.0131259315095535,0.6145294188861415,,,,not_sampled_or_unavailable,0.035967642376123043
f34fab4302c34851bdcfa2c7f196ff9e,semantic,reasoning,False,False,0.7203883495145631,2725.8776699029127,67.65341042479581,0.24582741389543833,,,,not_sampled_or_unavailable,0.40466964736682626
f34fab4302c34851bdcfa2c7f196ff9e,semantic,small,False,False,,,,,,,,not_sampled_or_unavailable,
9819c81ad06b4d2b995c90e8ba2a657c,extraction,medium,False,True,0.6873786407766991,4338.433009708738,46.02142263717027,0.24034987710541086,,,,not_sampled_or_unavailable,0.0012611612822210072
9819c81ad06b4d2b995c90e8ba2a657c,extraction,large,True,True,0.7165048543689321,4339.114563106796,51.58761756519207,0.24161103838763187,,,,not_sampled_or_unavailable,0.0
9819c81ad06b4d2b995c90e8ba2a657c,extraction,coder,False,True,0.6815533980582524,4375.166990291262,48.00560345006871,0.22276703129334577,,,,not_sampled_or_unavailable,0.018844007094286103
9819c81ad06b4d2b995c90e8ba2a657c,extraction,reasoning,False,False,0.7203883495145631,6461.877669902913,160.3769923146755,-0.4045904955539602,,,,not_sampled_or_unavailable,0.6462015339415921
9819c81ad06b4d2b995c90e8ba2a657c,extraction,small,False,False,,,,,,,,not_sampled_or_unavailable,
9819c81ad06b4d2b995c90e8ba2a657c,semantic,medium,False,True,0.6873786407766991,612.4330097087379,6.496594119048583,0.6242740196960193,,,,not_sampled_or_unavailable,0.02512859289688074
9819c81ad06b4d2b995c90e8ba2a657c,semantic,large,True,True,0.7165048543689321,613.1145631067961,7.289302724138458,0.6494026125929,,,,not_sampled_or_unavailable,0.0
9819c81ad06b4d2b995c90e8ba2a657c,semantic,coder,False,True,0.6815533980582524,649.1669902912622,7.122848837073149,0.6134808043583235,,,,not_sampled_or_unavailable,0.03592180823457647
9819c81ad06b4d2b995c90e8ba2a657c,semantic,reasoning,False,False,0.7203883495145631,2735.8776699029127,67.90159988381582,0.24408646660033834,,,,not_sampled_or_unavailable,0.40531614599256166
9819c81ad06b4d2b995c90e8ba2a657c,semantic,small,False,False,,,,,,,,not_sampled_or_unavailable,
4f8e6019e50a454385f80c7dd492811c,extraction,medium,False,True,0.6873786407766991,4228.433009708738,44.854559744794166,0.2516841915672914,,,,not_sampled_or_unavailable,0.001965782183351694
4f8e6019e50a454385f80c7dd492811c,extraction,large,True,True,0.7165048543689321,4229.114563106796,50.279830492589845,0.2536499737506431,,,,not_sampled_or_unavailable,0.0
4f8e6019e50a454385f80c7dd492811c,extraction,coder,False,True,0.6815533980582524,4265.166990291262,46.79865148886917,0.23430179109934343,,,,not_sampled_or_unavailable,0.019348182651299645
4f8e6019e50a454385f80c7dd492811c,extraction,reasoning,False,False,0.7203883495145631,6351.877669902913,157.64690826545527,-0.3854400753078589,,,,not_sampled_or_unavailable,0.639090049058502
4f8e6019e50a454385f80c7dd492811c,extraction,small,False,False,,,,,,,,not_sampled_or_unavailable,
4f8e6019e50a454385f80c7dd492811c,semantic,medium,False,True,0.6873786407766991,647.4330097087379,6.8678686757137095,0.6206676469126936,,,,not_sampled_or_unavailable,0.024904395337430052
4f8e6019e50a454385f80c7dd492811c,semantic,large,True,True,0.7165048543689321,648.1145631067961,7.705416792693712,0.6455720422501237,,,,not_sampled_or_unavailable,0.0
4f8e6019e50a454385f80c7dd492811c,semantic,coder,False,True,0.6815533980582524,684.1669902912622,7.506879006545732,0.6098106535109606,,,,not_sampled_or_unavailable,0.035761388739163014
4f8e6019e50a454385f80c7dd492811c,semantic,reasoning,False,False,0.7203883495145631,2770.8776699029127,68.77026299038589,0.23799315106748797,,,,not_sampled_or_unavailable,0.4075788911826357
4f8e6019e50a454385f80c7dd492811c,semantic,small,False,False,,,,,,,,not_sampled_or_unavailable,
930465d2a8a14fbc9c3de57267a5f067,extraction,medium,False,True,0.6873786407766991,3706.4330097087377,39.31726492824571,0.30547066565003356,,,,not_sampled_or_unavailable,0.005309528641444072
930465d2a8a14fbc9c3de57267a5f067,extraction,large,True,True,0.7165048543689321,3707.114563106796,44.07378638442292,0.31078019429147763,,,,not_sampled_or_unavailable,0.0
930465d2a8a14fbc9c3de57267a5f067,extraction,coder,False,True,0.6815533980582524,3743.166990291262,41.0711158184495,0.2890394694514418,,,,not_sampled_or_unavailable,0.021740724840035808
930465d2a8a14fbc9c3de57267a5f067,extraction,reasoning,False,False,0.7203883495145631,5829.877669902913,144.6914185046102,-0.2945626265036336,,,,not_sampled_or_unavailable,0.6053428207951113
930465d2a8a14fbc9c3de57267a5f067,extraction,small,False,False,,,,,,,,not_sampled_or_unavailable,
930465d2a8a14fbc9c3de57267a5f067,semantic,medium,False,True,0.6873786407766991,601.4330097087379,6.379907829810972,0.6254074511422073,,,,not_sampled_or_unavailable,0.025199054986993707
930465d2a8a14fbc9c3de57267a5f067,semantic,large,True,True,0.7165048543689321,602.1145631067961,7.158524016878235,0.650606506129201,,,,not_sampled_or_unavailable,0.0
930465d2a8a14fbc9c3de57267a5f067,semantic,coder,False,True,0.6815533980582524,638.1669902912622,7.002153640953194,0.6146342803389233,,,,not_sampled_or_unavailable,0.0359722257902777
930465d2a8a14fbc9c3de57267a5f067,semantic,reasoning,False,False,0.7203883495145631,2724.8776699029127,67.62859147889381,0.2460015086249484,,,,not_sampled_or_unavailable,0.4046049975042526
930465d2a8a14fbc9c3de57267a5f067,semantic,small,False,False,,,,,,,,not_sampled_or_unavailable,
52f961dde2d945619858d5badc09a121,extraction,medium,False,True,0.6873786407766991,4299.433009708738,45.607716702600555,0.24436840677825944,,,,not_sampled_or_unavailable,0.001510981419894586
52f961dde2d945619858d5badc09a121,extraction,large,True,True,0.7165048543689321,4300.114563106796,51.12394760308764,0.24587938819815403,,,,not_sampled_or_unavailable,0.0
52f961dde2d945619858d5badc09a121,extraction,coder,False,True,0.6815533980582524,4336.166990291262,47.5776841183707,0.22685662795183587,,,,not_sampled_or_unavailable,0.01902276024631816
52f961dde2d945619858d5badc09a121,extraction,reasoning,False,False,0.7203883495145631,6422.877669902913,159.40905342449742,-0.39780080110306976,,,,not_sampled_or_unavailable,0.6436801893012238
52f961dde2d945619858d5badc09a121,extraction,small,False,False,,,,,,,,not_sampled_or_unavailable,
52f961dde2d945619858d5badc09a121,semantic,medium,False,True,0.6873786407766991,632.4330097087379,6.708751008571512,0.6222132352484047,,,,not_sampled_or_unavailable,0.025000480005766046
52f961dde2d945619858d5badc09a121,semantic,large,True,True,0.7165048543689321,633.1145631067961,7.527082191884317,0.6472137152541707,,,,not_sampled_or_unavailable,0.0
52f961dde2d945619858d5badc09a121,semantic,coder,False,True,0.6815533980582524,669.1669902912622,7.3422946482003395,0.6113835753026877,,,,not_sampled_or_unavailable,0.03583013995148299
52f961dde2d945619858d5badc09a121,semantic,reasoning,False,False,0.7203883495145631,2755.8776699029127,68.39797880185586,0.24060457201013818,,,,not_sampled_or_unavailable,0.4066091432440325
52f961dde2d945619858d5badc09a121,semantic,small,False,False,,,,,,,,not_sampled_or_unavailable,
14436f293df347bebfd7b0e8b9e0ef45,extraction,medium,False,True,0.6873786407766991,3870.4330097087377,41.05695142233373,0.2885722331795935,,,,not_sampled_or_unavailable,0.004259002934303868
14436f293df347bebfd7b0e8b9e0ef45,extraction,large,True,True,0.7165048543689321,3871.114563106796,46.02357801993897,0.2928312361138974,,,,not_sampled_or_unavailable,0.0
14436f293df347bebfd7b0e8b9e0ef45,extraction,coder,False,True,0.6815533980582524,3907.166990291262,42.870571469692464,0.271842191195227,,,,not_sampled_or_unavailable,0.020989044918670374
14436f293df347bebfd7b0e8b9e0ef45,extraction,reasoning,False,False,0.7203883495145631,5993.877669902913,148.76172563253854,-0.3231141621432753,,,,not_sampled_or_unavailable,0.6159453982571728
14436f293df347bebfd7b0e8b9e0ef45,extraction,small,False,False,,,,,,,,not_sampled_or_unavailable,
14436f293df347bebfd7b0e8b9e0ef45,semantic,medium,False,True,0.6873786407766991,604.4330097087379,6.4117313632394115,0.6250983334750652,,,,not_sampled_or_unavailable,0.025179838053326464
14436f293df347bebfd7b0e8b9e0ef45,semantic,large,True,True,0.7165048543689321,605.1145631067961,7.194190937040113,0.6502781715283916,,,,not_sampled_or_unavailable,0.0
14436f293df347bebfd7b0e8b9e0ef45,semantic,coder,False,True,0.6815533980582524,641.1669902912622,7.035070512622273,0.614319695980578,,,,not_sampled_or_unavailable,0.03595847554781362
14436f293df347bebfd7b0e8b9e0ef45,semantic,reasoning,False,False,0.7203883495145631,2727.8776699029127,67.7030483165998,0.24547922443641834,,,,not_sampled_or_unavailable,0.4047989470919733
14436f293df347bebfd7b0e8b9e0ef45,semantic,small,False,False,,,,,,,,not_sampled_or_unavailable,
edef196600864fc8b213ef71331849fa,extraction,medium,False,True,0.6873786407766991,3091.4330097087377,32.79344057541564,0.368839787414184,,,,not_sampled_or_unavailable,0.009249000043219602
edef196600864fc8b213ef71331849fa,extraction,large,True,True,0.7165048543689321,3092.114563106796,36.76206775123774,0.3780887874574036,,,,not_sampled_or_unavailable,0.0
edef196600864fc8b213ef71331849fa,extraction,coder,False,True,0.6815533980582524,3128.166990291262,34.3231571262884,0.35352926291224723,,,,not_sampled_or_unavailable,0.024559524545156364
edef196600864fc8b213ef71331849fa,extraction,reasoning,False,False,0.7203883495145631,5214.877669902913,129.42776677487893,-0.1874943678549772,,,,not_sampled_or_unavailable,0.5655831553123808
edef196600864fc8b213ef71331849fa,extraction,small,False,False,,,,,,,,not_sampled_or_unavailable,
edef196600864fc8b213ef71331849fa,semantic,medium,False,True,0.6873786407766991,591.4330097087379,6.273829385049508,0.6264378433660147,,,,not_sampled_or_unavailable,0.025263111432551
edef196600864fc8b213ef71331849fa,semantic,large,True,True,0.7165048543689321,592.1145631067961,7.039634283005306,0.6517009547985657,,,,not_sampled_or_unavailable,0.0
edef196600864fc8b213ef71331849fa,semantic,coder,False,True,0.6815533980582524,628.1669902912622,6.892430735389598,0.6156828948667412,,,,not_sampled_or_unavailable,0.0360180599318245
edef196600864fc8b213ef71331849fa,semantic,reasoning,False,False,0.7203883495145631,2714.8776699029127,67.38040201987378,0.2477424559200485,,,,not_sampled_or_unavailable,0.4039584988785172
edef196600864fc8b213ef71331849fa,semantic,small,False,False,,,,,,,,not_sampled_or_unavailable,
e9d82cb1ac4545deb5e71dadd8c7ba4f,extraction,medium,False,True,0.6873786407766991,4268.433009708738,45.27887352384002,0.2475626226720621,,,,not_sampled_or_unavailable,0.0017095564011223863
e9d82cb1ac4545deb5e71dadd8c7ba4f,extraction,large,True,True,0.7165048543689321,4269.114563106796,50.755389428081564,0.2492721790731845,,,,not_sampled_or_unavailable,0.0
e9d82cb1ac4545deb5e71dadd8c7ba4f,extraction,coder,False,True,0.6815533980582524,4305.166990291262,47.23754311112355,0.23010733298807157,,,,not_sampled_or_unavailable,0.01916484608511293
e9d82cb1ac4545deb5e71dadd8c7ba4f,extraction,reasoning,False,False,0.7203883495145631,6391.877669902913,158.63966610153537,-0.3924038644882594,,,,not_sampled_or_unavailable,0.6416760435614439
e9d82cb1ac4545deb5e71dadd8c7ba4f,extraction,small,False,False,,,,,,,,not_sampled_or_unavailable,
e9d82cb1ac4545deb5e71dadd8c7ba4f,semantic,medium,False,True,0.6873786407766991,609.4330097087379,6.464770585620144,0.6245831373631615,,,,not_sampled_or_unavailable,0.025147809830547874
e9d82cb1ac4545deb5e71dadd8c7ba4f,semantic,large,True,True,0.7165048543689321,610.1145631067961,7.253635803976579,0.6497309471937094,,,,not_sampled_or_unavailable,0.0
e9d82cb1ac4545deb5e71dadd8c7ba4f,semantic,coder,False,True,0.6815533980582524,646.1669902912622,7.08993196540407,0.613795388716669,,,,not_sampled_or_unavailable,0.03593555847704033
e9d82cb1ac4545deb5e71dadd8c7ba4f,semantic,reasoning,False,False,0.7203883495145631,2732.8776699029127,67.82714304610981,0.24460875078886835,,,,not_sampled_or_unavailable,0.40512219640484104
e9d82cb1ac4545deb5e71dadd8c7ba4f,semantic,small,False,False,,,,,,,,not_sampled_or_unavailable,
1689923201f04bec9819453e65471ff1,extraction,medium,False,True,0.6873786407766991,4275.433009708738,45.35312843517304,0.24684134811539699,,,,not_sampled_or_unavailable,0.0016647168892321984
1689923201f04bec9819453e65471ff1,extraction,large,True,True,0.7165048543689321,4276.114563106796,50.83861224179261,0.24850606500462918,,,,not_sampled_or_unavailable,0.0
1689923201f04bec9819453e65471ff1,extraction,coder,False,True,0.6815533980582524,4312.166990291262,47.31434914501806,0.229373302818599,,,,not_sampled_or_unavailable,0.01913276218603019
1689923201f04bec9819453e65471ff1,extraction,reasoning,False,False,0.7203883495145631,6398.877669902913,158.81339872284937,-0.39362252759482946,,,,not_sampled_or_unavailable,0.6421285925994586
1689923201f04bec9819453e65471ff1,extraction,small,False,False,,,,,,,,not_sampled_or_unavailable,
1689923201f04bec9819453e65471ff1,semantic,medium,False,True,0.6873786407766991,608.4330097087379,6.454162741143998,0.6246861765855423,,,,not_sampled_or_unavailable,0.025154215475103547
1689923201f04bec9819453e65471ff1,semantic,large,True,True,0.7165048543689321,609.1145631067961,7.241746830589285,0.6498403920606458,,,,not_sampled_or_unavailable,0.0
1689923201f04bec9819453e65471ff1,semantic,coder,False,True,0.6815533980582524,645.1669902912622,7.07895967484771,0.6139002501694508,,,,not_sampled_or_unavailable,0.03594014189119499
1689923201f04bec9819453e65471ff1,semantic,reasoning,False,False,0.7203883495145631,2731.8776699029127,67.80232410020781,0.24478284551837837,,,,not_sampled_or_unavailable,0.40505754654226744
1689923201f04bec9819453e65471ff1,semantic,small,False,False,,,,,,,,not_sampled_or_unavailable,
0c1662076fa443dfb1daaa456b481b70,extraction,medium,False,True,0.6873786407766991,3933.4330097087377,41.72524562433095,0.2820807621696074,,,,not_sampled_or_unavailable,0.0038554473272927603
0c1662076fa443dfb1daaa456b481b70,extraction,large,True,True,0.7165048543689321,3934.114563106796,46.77258334333842,0.2859362094969002,,,,not_sampled_or_unavailable,0.0
0c1662076fa443dfb1daaa456b481b70,extraction,coder,False,True,0.6815533980582524,3970.166990291262,43.56182577474311,0.2652359196699738,,,,not_sampled_or_unavailable,0.0207002898269264
0c1662076fa443dfb1daaa456b481b70,extraction,reasoning,False,False,0.7203883495145631,6056.877669902913,150.32531922436465,-0.33408213010240584,,,,not_sampled_or_unavailable,0.620018339599306
0c1662076fa443dfb1daaa456b481b70,extraction,small,False,False,,,,,,,,not_sampled_or_unavailable,
0c1662076fa443dfb1daaa456b481b70,semantic,medium,False,True,0.6873786407766991,623.4330097087379,6.613280408286195,0.6231405882498312,,,,not_sampled_or_unavailable,0.025058130806767664
0c1662076fa443dfb1daaa456b481b70,semantic,large,True,True,0.7165048543689321,624.1145631067961,7.42008143139868,0.6481987190565989,,,,not_sampled_or_unavailable,0.0
0c1662076fa443dfb1daaa456b481b70,semantic,coder,False,True,0.6815533980582524,660.1669902912622,7.243544033193104,0.6123273283777239,,,,not_sampled_or_unavailable,0.035871390678875015
0c1662076fa443dfb1daaa456b481b70,semantic,reasoning,False,False,0.7203883495145631,2746.8776699029127,68.17460828873784,0.24217142457572816,,,,not_sampled_or_unavailable,0.4060272944808707
0c1662076fa443dfb1daaa456b481b70,semantic,small,False,False,,,,,,,,not_sampled_or_unavailable,
9ffc77ff2c814266b574206b1a754830,extraction,medium,False,True,0.6873786407766991,3783.4330097087377,40.13406895290899,0.2975366455267172,,,,not_sampled_or_unavailable,0.004816294010652589
9ffc77ff2c814266b574206b1a754830,extraction,large,True,True,0.7165048543689321,3784.114563106796,44.989237335244475,0.3023529395373698,,,,not_sampled_or_unavailable,0.0
9ffc77ff2c814266b574206b1a754830,extraction,coder,False,True,0.6815533980582524,3820.166990291262,41.91598219128919,0.28096513758724334,,,,not_sampled_or_unavailable,0.02138780195012646
9ffc77ff2c814266b574206b1a754830,extraction,reasoning,False,False,0.7203883495145631,5906.877669902913,146.60247733906436,-0.30796792067590445,,,,not_sampled_or_unavailable,0.6103208602132743
9ffc77ff2c814266b574206b1a754830,extraction,small,False,False,,,,,,,,not_sampled_or_unavailable,
9ffc77ff2c814266b574206b1a754830,semantic,medium,False,True,0.6873786407766991,611.4330097087379,6.485986274572437,0.6243770589184,,,,not_sampled_or_unavailable,0.025134998541436415
9ffc77ff2c814266b574206b1a754830,semantic,large,True,True,0.7165048543689321,612.1145631067961,7.2774137507511645,0.6495120574598364,,,,not_sampled_or_unavailable,0.0
9ffc77ff2c814266b574206b1a754830,semantic,coder,False,True,0.6815533980582524,648.1669902912622,7.111876546516789,0.6135856658111054,,,,not_sampled_or_unavailable,0.035926391648731015
9ffc77ff2c814266b574206b1a754830,semantic,reasoning,False,False,0.7203883495145631,2734.8776699029127,67.87678093791382,0.2442605613298483,,,,not_sampled_or_unavailable,0.4052514961299881
9ffc77ff2c814266b574206b1a754830,semantic,small,False,False,,,,,,,,not_sampled_or_unavailable,
973a2f2eb67e4ae2bf341877b464ca1f,extraction,medium,False,True,0.6873786407766991,3261.4330097087377,34.596774136360544,0.35132311960945944,,,,not_sampled_or_unavailable,0.008160040468745022
973a2f2eb67e4ae2bf341877b464ca1f,extraction,large,True,True,0.7165048543689321,3262.114563106796,38.78319322707755,0.35948316007820447,,,,not_sampled_or_unavailable,0.0
973a2f2eb67e4ae2bf341877b464ca1f,extraction,coder,False,True,0.6815533980582524,3298.166990291262,36.18844652086952,0.3357028159393417,,,,not_sampled_or_unavailable,0.023780344138862763
973a2f2eb67e4ae2bf341877b464ca1f,extraction,reasoning,False,False,0.7203883495145631,5384.877669902913,133.64698757821927,-0.2170904718716789,,,,not_sampled_or_unavailable,0.5765736319498833
973a2f2eb67e4ae2bf341877b464ca1f,extraction,small,False,False,,,,,,,,not_sampled_or_unavailable,
973a2f2eb67e4ae2bf341877b464ca1f,semantic,medium,False,True,0.6873786407766991,611.4330097087379,6.485986274572437,0.6243770589184,,,,not_sampled_or_unavailable,0.025134998541436415
973a2f2eb67e4ae2bf341877b464ca1f,semantic,large,True,True,0.7165048543689321,612.1145631067961,7.2774137507511645,0.6495120574598364,,,,not_sampled_or_unavailable,0.0
973a2f2eb67e4ae2bf341877b464ca1f,semantic,coder,False,True,0.6815533980582524,648.1669902912622,7.111876546516789,0.6135856658111054,,,,not_sampled_or_unavailable,0.035926391648731015
973a2f2eb67e4ae2bf341877b464ca1f,semantic,reasoning,False,False,0.7203883495145631,2734.8776699029127,67.87678093791382,0.2442605613298483,,,,not_sampled_or_unavailable,0.4052514961299881
973a2f2eb67e4ae2bf341877b464ca1f,semantic,small,False,False,,,,,,,,not_sampled_or_unavailable,
4f511fb6bc0c4acba96244b9e28f47f4,extraction,medium,False,True,0.6873786407766991,3789.4330097087377,40.19771601976586,0.29691841019243287,,,,not_sampled_or_unavailable,0.004777860143318158
4f511fb6bc0c4acba96244b9e28f47f4,extraction,large,True,True,0.7165048543689321,3790.114563106796,45.060571175568235,0.301696270335751,,,,not_sampled_or_unavailable,0.0
4f511fb6bc0c4acba96244b9e28f47f4,extraction,coder,False,True,0.6815533980582524,3826.166990291262,41.98181593462734,0.2803359688705526,,,,not_sampled_or_unavailable,0.021360301465198406
4f511fb6bc0c4acba96244b9e28f47f4,extraction,reasoning,False,False,0.7203883495145631,5912.877669902913,146.75139101447638,-0.30901248905296447,,,,not_sampled_or_unavailable,0.6107087593887155
4f511fb6bc0c4acba96244b9e28f47f4,extraction,small,False,False,,,,,,,,not_sampled_or_unavailable,
4f511fb6bc0c4acba96244b9e28f47f4,semantic,medium,False,True,0.6873786407766991,595.4330097087379,6.316260762954093,0.6260256864764918,,,,not_sampled_or_unavailable,0.025237488854328083
4f511fb6bc0c4acba96244b9e28f47f4,semantic,large,True,True,0.7165048543689321,596.1145631067961,7.0871901765544765,0.6512631753308199,,,,not_sampled_or_unavailable,0.0
4f511fb6bc0c4acba96244b9e28f47f4,semantic,coder,False,True,0.6815533980582524,632.1669902912622,6.936319897615037,0.6152634490556141,,,,not_sampled_or_unavailable,0.03599972627520576
4f511fb6bc0c4acba96244b9e28f47f4,semantic,reasoning,False,False,0.7203883495145631,2718.8776699029127,67.47967780348179,0.24704607700200848,,,,not_sampled_or_unavailable,0.4042170983288114
4f511fb6bc0c4acba96244b9e28f47f4,semantic,small,False,False,,,,,,,,not_sampled_or_unavailable,
