dataset,model_count,seed,split_seed,policy,point,quality,mean_cost,total_cost,normalized_cost,auc,sample_count
gsm8k,3,0,42,Routing,0,0.5192851087877932,0.00026462633512288865,1.8730251999998058,0.030978433974397045,0.6471970011005125,7078
gsm8k,3,0,42,Routing,1,0.5438683243854197,0.0002932020062164195,2.0752837999998173,0.034323639733430604,0.6471970011005125,7078
gsm8k,3,0,42,Routing,2,0.5633300367335405,0.000320906640293844,2.271377199999828,0.03756687770199397,0.6471970011005125,7078
gsm8k,3,0,42,Routing,3,0.5800720542526138,0.00035207055665439983,2.491955399999842,0.04121507592425627,0.6471970011005125,7078
gsm8k,3,0,42,Routing,4,0.5947654704718847,0.000387116049731542,2.740007399999854,0.0453176702215558,0.6471970011005125,7078
gsm8k,3,0,42,Routing,5,0.6028185928228313,0.0004139898558914752,2.9302201999998614,0.04846364747049298,0.6471970011005125,7078
gsm8k,3,0,42,Routing,6,0.6104478666289912,0.00045406222096635733,3.2138523999998774,0.05315471162740576,0.6471970011005125,7078
gsm8k,3,0,42,Routing,7,0.6126377507770556,0.0005101760101723485,3.611025799999883,0.05972366219373462,0.6471970011005125,7078
gsm8k,3,0,42,Routing,8,0.6127083922011868,0.0005126360271262903,3.6284377999998827,0.06001164363272554,0.6471970011005125,7078
gsm8k,3,0,42,Routing,9,0.6127790336253179,0.0005180396439672058,3.6666845999998827,0.06064421705914399,0.6471970011005125,7078
gsm8k,3,0,42,Routing,10,0.6127790336253179,0.0005180396439672058,3.6666845999998827,0.06064421705914399,0.6471970011005125,7078
gsm8k,3,0,42,Routing,11,0.6275784119807856,0.0015000842328341181,10.617596199999888,0.17560708892146223,0.6471970011005125,7078
gsm8k,3,0,42,Routing,12,0.6346778751059622,0.0021497926532918752,15.216232399999893,0.2516650874438457,0.6471970011005125,7078
gsm8k,3,0,42,Routing,13,0.6438612602430065,0.003045102345295267,21.553234399999898,0.3564743543200429,0.6471970011005125,7078
gsm8k,3,0,42,Routing,14,0.652232269002543,0.004087009070358845,28.927850199999902,0.47844497631000277,0.6471970011005125,7078
gsm8k,3,0,42,Routing,15,0.6584840350381463,0.005127759734388232,36.294283399999905,0.600280264224458,0.6471970011005125,7078
gsm8k,3,0,42,Routing,16,0.6607092398982763,0.00581789491381745,41.17906019999991,0.6810708139610459,0.6471970011005125,7078
gsm8k,3,0,42,Routing,17,0.662722520486013,0.00643262090986153,45.53009079999991,0.7530336013077911,0.6471970011005125,7078
gsm8k,3,0,42,Routing,18,0.662722520486013,0.00643262090986153,45.53009079999991,0.7530336013077911,0.6471970011005125,7078
gsm8k,3,0,42,Routing,19,0.662722520486013,0.00643262090986153,45.53009079999991,0.7530336013077911,0.6471970011005125,7078
gsm8k,3,0,42,Cascade,0,0.5192851087877932,0.0002646139870019505,1.8729377999998058,0.030976988443856737,0.6619745892716209,7078
gsm8k,3,0,42,Cascade,1,0.5319652444193275,0.0002888269002542811,2.0443167999998018,0.03381146874668375,0.6619745892716209,7078
gsm8k,3,0,42,Cascade,2,0.5455990392766318,0.00032027321277194084,2.266893799999797,0.037492725623911,0.6619745892716209,7078
gsm8k,3,0,42,Cascade,3,0.5586323820288217,0.0003433828482621916,2.4304637999997922,0.04019805091541935,0.6619745892716209,7078
gsm8k,3,0,42,Cascade,4,0.5690873128002261,0.000369745945182225,2.6170617999997887,0.04328424207972137,0.6619745892716209,7078
gsm8k,3,0,42,Cascade,5,0.5809197513421871,0.00040186645945179184,2.8444107999997827,0.04704442426287926,0.6619745892716209,7078
gsm8k,3,0,42,Cascade,6,0.5922576999152303,0.00043509788075724444,3.0796227999997763,0.05093465457691157,0.6619745892716209,7078
gsm8k,3,0,42,Cascade,7,0.6020415371573891,0.00046709237072616136,3.30607979999977,0.0546800837481478,0.6619745892716209,7078
gsm8k,3,0,42,Cascade,8,0.6094942074032212,0.0004985600169539087,3.5288077999997656,0.05836383805228107,0.6619745892716209,7078
gsm8k,3,0,42,Cascade,9,0.615392766318169,0.0005317627578411641,3.7638167999997596,0.06225071089835364,0.6619745892716209,7078
gsm8k,3,0,42,Cascade,10,0.615392766318169,0.0005317627578411641,3.7638167999997596,0.06225071089835364,0.6619745892716209,7078
gsm8k,3,0,42,Cascade,11,0.6354902514834699,0.001047272082509147,7.412591799999743,0.12259871658719422,0.6619745892716209,7078
gsm8k,3,0,42,Cascade,12,0.6567533201469342,0.002166254422153111,15.332748799999719,0.2535921814329332,0.6619745892716209,7078
gsm8k,3,0,42,Cascade,13,0.6664665159649619,0.0030794765187905798,21.796534799999723,0.3604983607121297,0.6619745892716209,7078
gsm8k,3,0,42,Cascade,14,0.6734953376660073,0.004103639983046017,29.04556379999971,0.48039187109042697,0.6619745892716209,7078
gsm8k,3,0,42,Cascade,15,0.6730008476970896,0.0042923606668549994,30.381328799999686,0.5024844237468536,0.6619745892716209,7078
gsm8k,3,0,42,Cascade,16,0.6747668833003674,0.005926589121220637,41.94839779999967,0.6937950816567586,0.6619745892716209,7078
gsm8k,3,0,42,Cascade,17,0.6742017519073185,0.006173064255439344,43.69294879999968,0.7226486485860633,0.6619745892716209,7078
gsm8k,3,0,42,Cascade,18,0.6737425826504663,0.0063580095789770655,45.00199179999967,0.7442992393763797,0.6619745892716209,7078
gsm8k,3,0,42,Cascade,19,0.6733540548177451,0.006585268409155081,46.61052979999967,0.7709032531548989,0.6619745892716209,7078
gsm8k,3,0,42,Cascade Routing,0,0.5192851087877932,0.00026462633512288865,1.8730251999998058,0.030978433974397045,0.6647406091332898,7078
gsm8k,3,0,42,Cascade Routing,1,0.5434444758406329,0.0002931978525006804,2.0752543999998156,0.034323153479450204,0.6647406091332898,7078
gsm8k,3,0,42,Cascade Routing,2,0.562976829612885,0.0003205326363379243,2.2687299999998283,0.037523094996658755,0.6647406091332898,7078
gsm8k,3,0,42,Cascade Routing,3,0.5750918338513704,0.00034296592257697476,2.4275127999998274,0.04014924358562082,0.6647406091332898,7078
gsm8k,3,0,42,Cascade Routing,4,0.5943769426391636,0.00038631271545632297,2.734321399999854,0.04522362804018074,0.6647406091332898,7078
gsm8k,3,0,42,Cascade Routing,5,0.6026419892625036,0.00041308372421586053,2.923806599999861,0.048357571330066136,0.6647406091332898,7078
gsm8k,3,0,42,Cascade Routing,6,0.6105185080531224,0.00045336117547328016,3.208890399999877,0.05307264386377877,0.6647406091332898,7078
gsm8k,3,0,42,Cascade Routing,7,0.6180418197230856,0.0004628087030234309,3.275759999999844,0.054178616964671134,0.6647406091332898,7078
gsm8k,3,0,42,Cascade Routing,8,0.6234458886691155,0.0004933317886408374,3.491802399999847,0.057751796452096646,0.6647406091332898,7078
gsm8k,3,0,42,Cascade Routing,9,0.6270132805877366,0.0005311072619383795,3.75917719999985,0.062173975389261275,0.6647406091332898,7078
gsm8k,3,0,42,Cascade Routing,10,0.6269426391636055,0.0005311530375812164,3.7595011999998493,0.06217933410659604,0.6647406091332898,7078
gsm8k,3,0,42,Cascade Routing,11,0.6444617123481209,0.0012743859282282905,9.02010359999984,0.1491857577863048,0.6647406091332898,7078
gsm8k,3,0,42,Cascade Routing,12,0.6569652444193275,0.0022592727889234024,15.991132799999843,0.26448135968520947,0.6647406091332898,7078
gsm8k,3,0,42,Cascade Routing,13,0.6654422153150608,0.0031750979655269635,22.473343399999848,0.3716922680489932,0.6647406091332898,7078
gsm8k,3,0,42,Cascade Routing,14,0.6711288499576151,0.004043798869737192,28.622008399999846,0.4733865820033413,0.6647406091332898,7078
gsm8k,3,0,42,Cascade Routing,15,0.6753320146934162,0.0049366637185645455,34.94170579999985,0.5779096437561085,0.6647406091332898,7078
gsm8k,3,0,42,Cascade Routing,16,0.677415936705284,0.005979966657247791,42.32620399999986,0.7000437132404794,0.6647406091332898,7078
gsm8k,3,0,42,Cascade Routing,17,0.678051709522464,0.006747544899689158,47.75912279999986,0.789900121116934,0.6647406091332898,7078
gsm8k,3,0,42,Cascade Routing,18,0.6792526137326929,0.006832739276631778,48.36212859999973,0.7998733854176365,0.6647406091332898,7078
gsm8k,3,0,42,Cascade Routing,19,0.6791113308844307,0.007112114467363632,50.33954619999979,0.8325783915016012,0.6647406091332898,7078
gsm8k,3,0,42,Best Single / Static,0,0.6590844871432608,0.008542276066685494,60.46222999999993,1.0,,7078
gsm8k,3,0,42,Oracle,0,0.7158448714326081,,,,,7078
gsm8k,5,0,42,Routing,0,0.507064142413111,0.00015856411415651482,1.1223167999998118,0.018562279294028906,0.6596117852637401,7078
gsm8k,5,0,42,Routing,1,0.5459875671093529,0.0001995210794009342,1.4122101999998122,0.0233568990095108,0.6596117852637401,7078
gsm8k,5,0,42,Routing,2,0.5633300367335405,0.00023094461712345565,1.6346259999998192,0.027035489759471676,0.6596117852637401,7078
gsm8k,5,0,42,Routing,3,0.5796128849957615,0.00027234076010169934,1.927627899999828,0.03188152173679056,0.6596117852637401,7078
gsm8k,5,0,42,Routing,4,0.5933879627013281,0.0003138787793161682,2.2216339999998387,0.03674416242999706,0.6596117852637401,7078
gsm8k,5,0,42,Routing,5,0.6049731562588302,0.000364051158519335,2.576754099999853,0.04261758291084957,0.6596117852637401,7078
gsm8k,5,0,42,Routing,6,0.6096001695394179,0.00040361289912402667,2.8567720999998607,0.04724887090667784,0.6596117852637401,7078
gsm8k,5,0,42,Routing,7,0.6112249222944335,0.0004375453800508429,3.096946199999866,0.05122117063826243,0.6596117852637401,7078
gsm8k,5,0,42,Routing,8,0.6141918621079401,0.0005165570641423946,3.656190899999869,0.060470659120576156,0.6596117852637401,7078
gsm8k,5,0,42,Routing,9,0.6149335970613168,0.0005418141706696622,3.834960699999869,0.06342737771993977,0.6596117852637401,7078
gsm8k,5,0,42,Routing,10,0.6149335970613168,0.0005418141706696622,3.834960699999869,0.06342737771993977,0.6596117852637401,7078
gsm8k,5,0,42,Routing,11,0.6267660356032778,0.0011031145803899228,7.807844999999874,0.1291359084836911,0.6596117852637401,7078
gsm8k,5,0,42,Routing,12,0.6425897146086466,0.0019247813930488669,13.62360269999988,0.22532418503253845,0.6596117852637401,7078
gsm8k,5,0,42,Routing,13,0.6503602712630686,0.0025267571347838205,17.884386999999883,0.295794366168762,0.6596117852637401,7078
gsm8k,5,0,42,Routing,14,0.6566826787228031,0.0031072096354902356,21.99282979999989,0.3637449329937039,0.6596117852637401,7078
gsm8k,5,0,42,Routing,15,0.665265611754733,0.003784922266176872,26.7896797999999,0.4430812393125416,0.6596117852637401,7078
gsm8k,5,0,42,Routing,16,0.6689036450974851,0.004361008745408294,30.867219899999903,0.5105206986245784,0.6596117852637401,7078
gsm8k,5,0,42,Routing,17,0.6730361684091551,0.0048904796270132665,34.6148147999999,0.5725031114465997,0.6596117852637401,7078
gsm8k,5,0,42,Routing,18,0.6769920881604973,0.005609175572195522,39.70174469999991,0.6566371220512368,0.6596117852637401,7078
gsm8k,5,0,42,Routing,19,0.6797471037016106,0.006068970048036156,42.95616999999991,0.7104628790568916,0.6596117852637401,7078
gsm8k,5,0,42,Cascade,0,0.507064142413111,0.00015856411415651482,1.1223167999998118,0.018562279294028906,0.6714771525408864,7078
gsm8k,5,0,42,Cascade,1,0.5343670528397853,0.0002048832721107355,1.4501637999997858,0.023984623127525858,0.6714771525408864,7078
gsm8k,5,0,42,Cascade,2,0.545351794292173,0.00023623984176317879,1.6721055999997794,0.027655374272496758,0.6714771525408864,7078
gsm8k,5,0,42,Cascade,3,0.5647075445040972,0.0002854146651596152,2.0201649999997566,0.03341201606357819,0.6714771525408864,7078
gsm8k,5,0,42,Cascade,4,0.5668267872280305,0.0003039759536591863,2.1515417999997206,0.03558488993872246,0.6714771525408864,7078
gsm8k,5,0,42,Cascade,5,0.585688047471037,0.00033989559197509524,2.405780999999724,0.03978981589001476,0.6714771525408864,7078
gsm8k,5,0,42,Cascade,6,0.5937058491099181,0.00038552158801917523,2.728721799999722,0.04513101485009279,0.6714771525408864,7078
gsm8k,5,0,42,Cascade,7,0.6068804747103702,0.0004334430347555362,3.0679097999996854,0.05074093032955763,0.6714771525408864,7078
gsm8k,5,0,42,Cascade,8,0.6144037863803334,0.00046935747386262817,3.3221121999996823,0.054945247636411794,0.6714771525408864,7078
gsm8k,5,0,42,Cascade,9,0.6183950268437411,0.0005044605820852866,3.570571999999659,0.0590545866402821,0.6714771525408864,7078
gsm8k,5,0,42,Cascade,10,0.6183950268437411,0.0005044605820852866,3.570571999999659,0.0590545866402821,0.6714771525408864,7078
gsm8k,5,0,42,Cascade,11,0.640081944051992,0.0013100437129132043,9.27248939999966,0.15336002988972902,0.6714771525408864,7078
gsm8k,5,0,42,Cascade,12,0.6510666855043797,0.0014154641424130594,10.018655199999634,0.16570105336835322,0.6714771525408864,7078
gsm8k,5,0,42,Cascade,13,0.6587666007346709,0.0022223987284542986,15.730138199999526,0.26016470447748197,0.6714771525408864,7078
gsm8k,5,0,42,Cascade,14,0.6706696807007629,0.0027209812658942644,19.259105399999605,0.31853117888638294,0.6714771525408864,7078
gsm8k,5,0,42,Cascade,15,0.6717646227747951,0.0030608645097484517,21.66479899999954,0.3583195492458609,0.6714771525408864,7078
gsm8k,5,0,42,Cascade,16,0.6824667985306584,0.003669365950833509,25.971772199999577,0.4295536601941346,0.6714771525408864,7078
gsm8k,5,0,42,Cascade,17,0.6801356315343318,0.004241052415936642,30.018168999999553,0.49647803264946716,0.6714771525408864,7078
gsm8k,5,0,42,Cascade,18,0.6891070923989827,0.005094505340491599,36.05890879999954,0.5963873446282015,0.6714771525408864,7078
gsm8k,5,0,42,Cascade,19,0.6910497315625883,0.00580324246962412,41.07535019999952,0.6793555282363812,0.6714771525408864,7078
gsm8k,5,0,42,Cascade Routing,0,0.507064142413111,0.00015856411415651482,1.1223167999998118,0.018562279294028906,0.6774035140542932,7078
gsm8k,5,0,42,Cascade Routing,1,0.5484953376660073,0.000198770825091806,1.4068998999998028,0.023269070624748783,0.6774035140542932,7078
gsm8k,5,0,42,Cascade Routing,2,0.5668621079400961,0.00023424073184512498,1.6579558999997945,0.027421348832151853,0.6774035140542932,7078
gsm8k,5,0,42,Cascade Routing,3,0.5833215597626448,0.00026950129980217517,1.9075301999997958,0.03154912083129911,0.6774035140542932,7078
gsm8k,5,0,42,Cascade Routing,4,0.6012291607798813,0.0003214208392200895,2.2750166999997936,0.03762707230612891,0.6774035140542932,7078
gsm8k,5,0,42,Cascade Routing,5,0.6139799378355467,0.00036684374116979323,2.5965199999997965,0.04294449609284672,0.6774035140542932,7078
gsm8k,5,0,42,Cascade Routing,6,0.6185363096920033,0.0003923036874823104,2.776725499999793,0.0459249600949187,0.6774035140542932,7078
gsm8k,5,0,42,Cascade Routing,7,0.6274371291325234,0.000438217109352897,3.101700699999805,0.051299806507299,0.6774035140542932,7078
gsm8k,5,0,42,Cascade Routing,8,0.6320994631251766,0.0004764218140717449,3.3721135999998104,0.055772233343027784,0.6774035140542932,7078
gsm8k,5,0,42,Cascade Routing,9,0.6350310822266176,0.0005156144391070657,3.6495189999998106,0.06036031089160647,0.6774035140542932,7078
gsm8k,5,0,42,Cascade Routing,10,0.6350310822266176,0.0005158953659225502,3.6515073999998107,0.060393197538360976,0.6774035140542932,7078
gsm8k,5,0,42,Cascade Routing,11,0.6541749081661486,0.0011848571630403795,8.386418999999806,0.13870508911100066,0.6774035140542932,7078
gsm8k,5,0,42,Cascade Routing,12,0.6626518790618818,0.0017375587171517106,12.298440599999807,0.20340699640089066,0.6774035140542932,7078
gsm8k,5,0,42,Cascade Routing,13,0.6689389658095507,0.00218919905340489,15.495150899999812,0.2562781905331615,0.6774035140542932,7078
gsm8k,5,0,42,Cascade Routing,14,0.6748022040124328,0.0026560848827352095,18.799768799999814,0.3109340955502276,0.6774035140542932,7078
gsm8k,5,0,42,Cascade Routing,15,0.6836323820288217,0.00368057030234527,26.05107659999982,0.4308652955737798,0.6774035140542932,7078
gsm8k,5,0,42,Cascade Routing,16,0.6871291325233116,0.004265856725063553,30.193733899999827,0.4993817446031988,0.6774035140542932,7078
gsm8k,5,0,42,Cascade Routing,17,0.6887892059903927,0.004619054591692546,32.69366839999984,0.5407287888653772,0.6774035140542932,7078
gsm8k,5,0,42,Cascade Routing,18,0.6913322972591127,0.0052306148912121845,37.02229219999984,0.6123209845220708,0.6774035140542932,7078
gsm8k,5,0,42,Cascade Routing,19,0.693063012150325,0.005837776603560305,41.31978279999984,0.683398260368496,0.6774035140542932,7078
gsm8k,5,0,42,Best Single / Static,0,0.6621573890929641,0.006042675332014681,42.77005599999991,0.7073846928900897,,7078
gsm8k,5,0,42,Oracle,0,0.7352006216445324,,,,,7078
gsm8k,11,0,42,Routing,0,0.41773806159932186,9.424149477253325e-05,0.6670412999999904,0.011032363510244184,0.6702733894517676,7078
gsm8k,11,0,42,Routing,1,0.44327493642271826,0.00010161549872844996,0.7192344999999688,0.011895599947272366,0.6702733894517676,7078
gsm8k,11,0,42,Routing,2,0.46231280022605253,0.00010839208816049002,0.7671991999999483,0.012688900161306476,0.6702733894517676,7078
gsm8k,11,0,42,Routing,3,0.47598191579542243,0.00011417625035319774,0.8081394999999336,0.013366022060382732,0.6702733894517676,7078
gsm8k,11,0,42,Routing,4,0.4916289912404634,0.00012142054252612572,0.8594145999999179,0.014214073811037386,0.6702733894517676,7078
gsm8k,11,0,42,Routing,5,0.5044857304323255,0.0001288491359140863,0.9119941839999028,0.015083700750036908,0.6702733894517676,7078
gsm8k,11,0,42,Routing,6,0.513421870584911,0.0001349662204012283,0.955290907999894,0.01579979613719003,0.6702733894517676,7078
gsm8k,11,0,42,Routing,7,0.5209451822548743,0.00014275009268153224,1.010385155999885,0.016711013735349927,0.6702733894517676,7078
gsm8k,11,0,42,Routing,8,0.5272675897146086,0.00014954268946028242,1.058463155999879,0.01750618784652634,0.6702733894517676,7078
gsm8k,11,0,42,Routing,9,0.5350028256569652,0.00015935589036449182,1.1279209919998732,0.01865496843235644,0.6702733894517676,7078
gsm8k,11,0,42,Routing,10,0.5350028256569652,0.00015935589036449182,1.1279209919998732,0.01865496843235644,0.6702733894517676,7078
gsm8k,11,0,42,Routing,11,0.5654492794574738,0.00020882753659223885,1.4780813039998666,0.024446357734404907,0.6702733894517676,7078
gsm8k,11,0,42,Routing,12,0.5864297824244137,0.0002599405702175577,1.8398593559998733,0.030429895754752606,0.6702733894517676,7078
gsm8k,11,0,42,Routing,13,0.6022181407177168,0.000303202606951099,2.1460680519998787,0.035494358246460335,0.6702733894517676,7078
gsm8k,11,0,42,Routing,14,0.6175120090421022,0.00035190940378636423,2.490814759999886,0.041196210592958436,0.6702733894517676,7078
gsm8k,11,0,42,Routing,15,0.6315343317321277,0.0004047169149477106,2.8645863239998954,0.04737811231904446,0.6702733894517676,7078
gsm8k,11,0,42,Routing,16,0.6416360553828765,0.00045230800226051177,3.2014360399999022,0.05294935433244699,0.6702733894517676,7078
gsm8k,11,0,42,Routing,17,0.6459451822548743,0.0005341773811811114,3.7809075039999063,0.062533378342147,0.6702733894517676,7078
gsm8k,11,0,42,Routing,18,0.6467222379203165,0.0005688029109917925,4.025987003999908,0.06658680971575003,0.6702733894517676,7078
gsm8k,11,0,42,Routing,19,0.6484882735235943,0.0006360344583215467,4.501851895999907,0.07445725862244765,0.6702733894517676,7078
gsm8k,11,0,42,Routing,20,0.6484882735235943,0.0006360344583215467,4.501851895999907,0.07445725862244765,0.6702733894517676,7078
gsm8k,11,0,42,Routing,21,0.6571418479796552,0.0010905863786380204,7.719170387999909,0.12766929681554778,0.6702733894517676,7078
gsm8k,11,0,42,Routing,22,0.6637115004238485,0.0016852405080531097,11.92813231599991,0.19728237473212493,0.6702733894517676,7078
gsm8k,11,0,42,Routing,23,0.6683738344165019,0.0021958004571912843,15.54187563599991,0.25705098267132936,0.6702733894517676,7078
gsm8k,11,0,42,Routing,24,0.6734600169539418,0.0029192307391918493,20.66231517199991,0.3417392175578032,0.6702733894517676,7078
gsm8k,11,0,42,Routing,25,0.6763209946312517,0.003503116902514822,24.795061435999912,0.41009174547481864,0.6702733894517676,7078
gsm8k,11,0,42,Routing,26,0.6796058208533484,0.0042465875015541,30.05734633599992,0.4971259964443911,0.6702733894517676,7078
gsm8k,11,0,42,Routing,27,0.6806654422153151,0.004608898680983318,32.62178486399992,0.5395398890183171,0.6702733894517676,7078
gsm8k,11,0,42,Routing,28,0.6806654422153151,0.004608898680983318,32.62178486399992,0.5395398890183171,0.6702733894517676,7078
gsm8k,11,0,42,Routing,29,0.6806654422153151,0.004608898680983318,32.62178486399992,0.5395398890183171,0.6702733894517676,7078
gsm8k,11,0,42,Cascade,0,0.41703164735801074,9.730981915795276e-05,0.6887588999999896,0.011391556348483847,0.6796620592921434,7078
gsm8k,11,0,42,Cascade,1,0.4253320146934162,0.00010321966657247586,0.7305887999999842,0.012083391565279433,0.6796620592921434,7078
gsm8k,11,0,42,Cascade,2,0.436705283978525,0.0001122318310257095,0.7943768999999719,0.01313839896411318,0.6796620592921434,7078
gsm8k,11,0,42,Cascade,3,0.4464184797965527,0.00012152841198078028,0.8601780999999629,0.014226701529202015,0.6796620592921434,7078
gsm8k,11,0,42,Cascade,4,0.4600875953659226,0.00013199372704152983,0.9342515999999481,0.015451821740613094,0.6796620592921434,7078
gsm8k,11,0,42,Cascade,5,0.46443204294998586,0.00013661814128284043,0.9669832039999446,0.015993177955889913,0.6796620592921434,7078
gsm8k,11,0,42,Cascade,6,0.4737213902232269,0.00014447449844587966,1.0225904999999362,0.016912880983713924,0.6796620592921434,7078
gsm8k,11,0,42,Cascade,7,0.47534614297824246,0.00015015059338795343,1.0627658999999343,0.01757735200967506,0.6796620592921434,7078
gsm8k,11,0,42,Cascade,8,0.48431760384289346,0.00016220229895449635,1.148067871999925,0.01898818273821403,0.6796620592921434,7078
gsm8k,11,0,42,Cascade,9,0.48845012715456343,0.0001684463351229047,1.1922631599999196,0.01971913970093265,0.6796620592921434,7078
gsm8k,11,0,42,Cascade,10,0.48845012715456343,0.0001684463351229047,1.1922631599999196,0.01971913970093265,0.6796620592921434,7078
gsm8k,11,0,42,Cascade,11,0.5197089573325798,0.0002177168782141683,1.5410000639998833,0.02548698690074589,0.6796620592921434,7078
gsm8k,11,0,42,Cascade,12,0.542808703023453,0.00027803635094657416,1.967941291999852,0.0325482750470807,0.6796620592921434,7078
gsm8k,11,0,42,Cascade,13,0.5598686069511162,0.0002967811500423558,2.1006169799997942,0.03474263155692069,0.6796620592921434,7078
gsm8k,11,0,42,Cascade,14,0.5711712348120939,0.0003699624622774525,2.6185943079998086,0.043309588614244166,0.6796620592921434,7078
gsm8k,11,0,42,Cascade,15,0.580213337100876,0.0004206277140434857,2.977202959999792,0.049240707132366696,0.6796620592921434,7078
gsm8k,11,0,42,Cascade,16,0.5937411698219837,0.000487817098615396,3.452769423999773,0.05710622026345666,0.6796620592921434,7078
gsm8k,11,0,42,Cascade,17,0.6005933879627013,0.00053235666685501,3.768020487999761,0.06232023674945111,0.6796620592921434,7078
gsm8k,11,0,42,Cascade,18,0.6058208533484035,0.0005672338824526354,4.014881419999753,0.06640313167410064,0.6796620592921434,7078
gsm8k,11,0,42,Cascade,19,0.6097061316756146,0.0005852589765470116,4.142463035999748,0.06851323604835206,0.6796620592921434,7078
gsm8k,11,0,42,Cascade,20,0.6097061316756146,0.0005852589765470116,4.142463035999748,0.06851323604835206,0.6796620592921434,7078
gsm8k,11,0,42,Cascade,21,0.6499011020062164,0.001217930288216961,8.62051057999965,0.1425767885173878,0.6796620592921434,7078
gsm8k,11,0,42,Cascade,22,0.6672082509183385,0.0017485932020344164,12.376542683999599,0.20469874637438307,0.6796620592921434,7078
gsm8k,11,0,42,Cascade,23,0.678051709522464,0.0023226543322971967,16.439747363999558,0.27190110857637206,0.6796620592921434,7078
gsm8k,11,0,42,Cascade,24,0.6862107940096073,0.0029498696705283307,20.879177527999524,0.3453259585033425,0.6796620592921434,7078
gsm8k,11,0,42,Cascade,25,0.6943698784967505,0.0037111160830742423,26.267279635999486,0.4344411318603287,0.6796620592921434,7078
gsm8k,11,0,42,Cascade,26,0.6986083639446171,0.004316193990957821,30.55002106799946,0.5052744675146699,0.6796620592921434,7078
gsm8k,11,0,42,Cascade,27,0.7007982480926815,0.005410222803616759,38.293557003999425,0.6333467522451532,0.6796620592921434,7078
gsm8k,11,0,42,Cascade,28,0.7014340209098615,0.005677510659508254,40.18542044799942,0.664636756666095,0.6796620592921434,7078
gsm8k,11,0,42,Cascade,29,0.7019638315908449,0.00645189815654131,45.66653515199939,0.7552902886975794,0.6796620592921434,7078
gsm8k,11,0,42,Cascade Routing,0,0.41773806159932186,9.424149477253325e-05,0.6670412999999904,0.011032363510244184,0.6949016848548466,7078
gsm8k,11,0,42,Cascade Routing,1,0.4430276914382594,0.00010204458886690717,0.7222715999999689,0.011945831306585447,0.6949016848548466,7078
gsm8k,11,0,42,Cascade Routing,2,0.4610765753037581,0.00010818387962700618,0.7657254999999498,0.012664526267058803,0.6949016848548466,7078
gsm8k,11,0,42,Cascade Routing,3,0.4759112743712913,0.0001145456202316947,0.8107538999999351,0.01340926227828408,0.6949016848548466,7078
gsm8k,11,0,42,Cascade Routing,4,0.49071065272675896,0.00012100418197229705,0.8564675999999185,0.014165332638242413,0.6949016848548466,7078
gsm8k,11,0,42,Cascade Routing,5,0.5037086747668833,0.00012822423509464592,0.9075711359999038,0.015010546848832816,0.6949016848548466,7078
gsm8k,11,0,42,Cascade Routing,6,0.516989262503532,0.00013945498502400289,0.9870623839998924,0.01632527255445083,0.6949016848548466,7078
gsm8k,11,0,42,Cascade Routing,7,0.525572195535462,0.00014654950664027744,1.0372774079998837,0.01715579144202728,0.6949016848548466,7078
gsm8k,11,0,42,Cascade Routing,8,0.530411133088443,0.00015248909183383403,1.0793177919998773,0.017851107906537333,0.6949016848548466,7078
gsm8k,11,0,42,Cascade Routing,9,0.5347909013845719,0.00015895743204293205,1.125100703999873,0.018608322981138382,0.6949016848548466,7078
gsm8k,11,0,42,Cascade Routing,10,0.5347909013845719,0.00015895743204293205,1.125100703999873,0.018608322981138382,0.6949016848548466,7078
gsm8k,11,0,42,Cascade Routing,11,0.5695818027691438,0.00020814737439952676,1.4732671159998505,0.02436673467055139,0.6949016848548466,7078
gsm8k,11,0,42,Cascade Routing,12,0.5906682678722803,0.0002499668137891839,1.7692651079998436,0.029262319765576722,0.6949016848548466,7078
gsm8k,11,0,42,Cascade Routing,13,0.6107657530375812,0.00030138800847694894,2.1332243239998445,0.03528193260486501,0.6949016848548466,7078
gsm8k,11,0,42,Cascade Routing,14,0.6270486012998022,0.00034937933257980276,2.472906915999844,0.04090002826557749,0.6949016848548466,7078
gsm8k,11,0,42,Cascade Routing,15,0.6414241311104832,0.00040211828934725154,2.8461932519998463,0.04707390468396303,0.6949016848548466,7078
gsm8k,11,0,42,Cascade Routing,16,0.6528680418197231,0.00045083191183948126,3.1909882719998484,0.05277655607475696,0.6949016848548466,7078
gsm8k,11,0,42,Cascade Routing,17,0.6598262220966374,0.0004974896688329825,3.52123187599985,0.05823853794343766,0.6949016848548466,7078
gsm8k,11,0,42,Cascade Routing,18,0.6669963266459452,0.0005487831585193349,3.8842871959998524,0.06424320101987402,0.6949016848548466,7078
gsm8k,11,0,42,Cascade Routing,19,0.6717646227747951,0.0005937443051709312,4.202522191999851,0.06950656950628278,0.6949016848548466,7078
gsm8k,11,0,42,Cascade Routing,20,0.6715880192144673,0.0005938683379485518,4.20340009599985,0.06952108938092186,0.6949016848548466,7078
gsm8k,11,0,42,Cascade Routing,21,0.6865993218423283,0.0012822644193274696,9.07586755999983,0.15010805191935264,0.6949016848548466,7078
gsm8k,11,0,42,Cascade Routing,22,0.6908731280022605,0.001784032211359117,12.62737999199983,0.2088474075799031,0.6949016848548466,7078
gsm8k,11,0,42,Cascade Routing,23,0.6947584063294716,0.0023573006527267347,16.684974019999828,0.27595697380000456,0.6949016848548466,7078
gsm8k,11,0,42,Cascade Routing,24,0.6976547047188472,0.0028642496597908775,20.27315909199983,0.335302867459567,0.6949016848548466,7078
gsm8k,11,0,42,Cascade Routing,25,0.700127154563436,0.0033741865690872885,23.882492535999827,0.3949985393525819,0.6949016848548466,7078
gsm8k,11,0,42,Cascade Routing,26,0.7032353772252049,0.004126875572760642,29.210025303999824,0.48311194119039047,0.6949016848548466,7078
gsm8k,11,0,42,Cascade Routing,27,0.704966092116417,0.004744898867476663,33.58439418399983,0.55546072620874,0.6949016848548466,7078
gsm8k,11,0,42,Cascade Routing,28,0.7063789205990393,0.005440140176320971,38.50531216799983,0.6368490240601428,0.6949016848548466,7078
gsm8k,11,0,42,Cascade Routing,29,0.7072619384006782,0.006133636574738602,43.41387967599982,0.718033054288601,0.6949016848548466,7078
gsm8k,11,0,42,Best Single / Static,0,0.6621573890929641,0.006042675332014681,42.77005599999991,0.7073846928900897,,7078
gsm8k,11,0,42,Oracle,0,0.7493995478948856,,,,,7078
mmlu,3,0,42,Routing,0,0.6346326836581709,8.809167916041349e-05,1.175142999999916,0.061596244082234644,0.8287992555137623,13340
mmlu,3,0,42,Routing,1,0.6346326836581709,8.809167916041349e-05,1.175142999999916,0.061596244082234644,0.8287992555137623,13340
mmlu,3,0,42,Routing,2,0.6774362818590705,9.24917991004424e-05,1.2338405999999016,0.06467293491615082,0.8287992555137623,13340
mmlu,3,0,42,Routing,3,0.7094452773613193,9.88564317840997e-05,1.31874479999989,0.0691232697492788,0.8287992555137623,13340
mmlu,3,0,42,Routing,4,0.7216641679160419,0.00010423022488754755,1.3904311999998842,0.07288078095580998,0.8287992555137623,13340
mmlu,3,0,42,Routing,5,0.7259370314842579,0.00010937052473762224,1.4590027999998807,0.07647502694179589,0.8287992555137623,13340
mmlu,3,0,42,Routing,6,0.7311844077961019,0.00011522364317840163,1.5370833999998776,0.08056769625581768,0.8287992555137623,13340
mmlu,3,0,42,Routing,7,0.7327586206896551,0.00011757772113942104,1.5684867999998766,0.08221373549649912,0.8287992555137623,13340
mmlu,3,0,42,Routing,8,0.7365817091454273,0.000124088665667157,1.6553427999998744,0.08676637579304756,0.8287992555137623,13340
mmlu,3,0,42,Routing,9,0.7389055472263868,0.00012799293853072515,1.7074257999998734,0.08949635604271522,0.8287992555137623,13340
mmlu,3,0,42,Routing,10,0.7389055472263868,0.00012799293853072515,1.7074257999998734,0.08949635604271522,0.8287992555137623,13340
mmlu,3,0,42,Routing,11,0.8044227886056972,0.00031652908545726016,4.222497999999851,0.22132627045794173,0.8287992555137623,13340
mmlu,3,0,42,Routing,12,0.8268365817091454,0.00044891815592202765,5.988568199999849,0.3138965288057076,0.8287992555137623,13340
mmlu,3,0,42,Routing,13,0.8411544227886057,0.0005849362068965408,7.803048999999854,0.409004275045388,0.8287992555137623,13340
mmlu,3,0,42,Routing,14,0.8488005997001499,0.0007299179160419685,9.73710499999986,0.5103796697375397,0.8287992555137623,13340
mmlu,3,0,42,Routing,15,0.8497751124437781,0.0007992066866566612,10.66141719999986,0.5588283775793865,0.8287992555137623,13340
mmlu,3,0,42,Routing,16,0.8497751124437781,0.0007992066866566612,10.66141719999986,0.5588283775793865,0.8287992555137623,13340
mmlu,3,0,42,Routing,17,0.8497751124437781,0.0007992066866566612,10.66141719999986,0.5588283775793865,0.8287992555137623,13340
mmlu,3,0,42,Routing,18,0.8497751124437781,0.0007992066866566612,10.66141719999986,0.5588283775793865,0.8287992555137623,13340
mmlu,3,0,42,Routing,19,0.8497751124437781,0.0007992066866566612,10.66141719999986,0.5588283775793865,0.8287992555137623,13340
mmlu,3,0,42,Cascade,0,0.6355322338830585,8.47984857571159e-05,1.131211799999926,0.059293548224773014,0.8423325025095438,13340
mmlu,3,0,42,Cascade,1,0.639880059970015,8.740973013492686e-05,1.1660457999999243,0.061119405644985365,0.8423325025095438,13340
mmlu,3,0,42,Cascade,2,0.6535982008995502,9.893079460269231e-05,1.3197367999999154,0.06917526637788583,0.8423325025095438,13340
mmlu,3,0,42,Cascade,3,0.6578710644677661,0.00010273814092952874,1.3705267999999133,0.07183747279611476,0.8423325025095438,13340
mmlu,3,0,42,Cascade,4,0.6776611694152923,0.00012125058470763911,1.6174827999999057,0.08478190768920689,0.8423325025095438,13340
mmlu,3,0,42,Cascade,5,0.6769865067466266,0.00012435035982008298,1.658833799999907,0.08694935989633805,0.8423325025095438,13340
mmlu,3,0,42,Cascade,6,0.6835832083958021,0.00012841797601198675,1.7130957999999032,0.08979355451468682,0.8423325025095438,13340
mmlu,3,0,42,Cascade,7,0.6910794602698651,0.0001424682008995428,1.900525799999901,0.09961787719570005,0.8423325025095438,13340
mmlu,3,0,42,Cascade,8,0.7017241379310345,0.00014432112443777314,1.9252437999998937,0.10091349480242905,0.8423325025095438,13340
mmlu,3,0,42,Cascade,9,0.7110944527736132,0.00015057982008994674,2.0087347999998895,0.10528975540617681,0.8423325025095438,13340
mmlu,3,0,42,Cascade,10,0.7110944527736132,0.00015057982008994674,2.0087347999998895,0.10528975540617681,0.8423325025095438,13340
mmlu,3,0,42,Cascade,11,0.7980509745127436,0.0002985460119939903,3.9826037999998305,0.20875198656473495,0.8423325025095438,13340
mmlu,3,0,42,Cascade,12,0.8501499250374812,0.0004534191004497613,6.048610799999816,0.31704371910078677,0.8423325025095438,13340
mmlu,3,0,42,Cascade,13,0.8718140929535232,0.0005531634782608546,7.379200799999801,0.38678786633511103,0.8423325025095438,13340
mmlu,3,0,42,Cascade,14,0.8718140929535232,0.0005531634782608546,7.379200799999801,0.38678786633511103,0.8423325025095438,13340
mmlu,3,0,42,Cascade,15,0.8718140929535232,0.0005531634782608546,7.379200799999801,0.38678786633511103,0.8423325025095438,13340
mmlu,3,0,42,Cascade,16,0.8718140929535232,0.0005531634782608546,7.379200799999801,0.38678786633511103,0.8423325025095438,13340
mmlu,3,0,42,Cascade,17,0.8720389805097452,0.0005663798950524587,7.555507799999799,0.3960291663346917,0.8423325025095438,13340
mmlu,3,0,42,Cascade,18,0.8710644677661169,0.0005734572563717984,7.649919799999791,0.40097786159670823,0.8423325025095438,13340
mmlu,3,0,42,Cascade,19,0.8709895052473763,0.0005808690254872406,7.74879279999979,0.4061603844395819,0.8423325025095438,13340
mmlu,3,0,42,Cascade Routing,0,0.6346326836581709,8.809167916041349e-05,1.175142999999916,0.061596244082234644,0.8568187627080495,13340
mmlu,3,0,42,Cascade Routing,1,0.6346326836581709,8.809167916041349e-05,1.175142999999916,0.061596244082234644,0.8568187627080495,13340
mmlu,3,0,42,Cascade Routing,2,0.677736131934033,9.253262368814855e-05,1.2343851999999016,0.06470148064592769,0.8568187627080495,13340
mmlu,3,0,42,Cascade Routing,3,0.7099700149925038,9.895865067465445e-05,1.3201083999998904,0.06919474414722916,0.8568187627080495,13340
mmlu,3,0,42,Cascade Routing,4,0.7216641679160419,0.00010394181409294486,1.3865837999998845,0.07267911580571165,0.8568187627080495,13340
mmlu,3,0,42,Cascade Routing,5,0.7291604197901049,0.00010917439280358917,1.4563863999998796,0.07633788583384832,0.8568187627080495,13340
mmlu,3,0,42,Cascade Routing,6,0.7391304347826086,0.00011392935532232945,1.5198175999998749,0.07966269283829716,0.8568187627080495,13340
mmlu,3,0,42,Cascade Routing,7,0.7435532233883059,0.00011906704647675187,1.58835439999987,0.08325511474900531,0.8568187627080495,13340
mmlu,3,0,42,Cascade Routing,8,0.7489505247376311,0.00012782226386805554,1.7051489999998608,0.08937701539351148,0.8568187627080495,13340
mmlu,3,0,42,Cascade Routing,9,0.7500749625187406,0.00012919724137930023,1.723491199999865,0.09033843934634574,0.8568187627080495,13340
mmlu,3,0,42,Cascade Routing,10,0.7538980509745128,0.00013492470764616597,1.799895599999854,0.09434324903449122,0.8568187627080495,13340
mmlu,3,0,42,Cascade Routing,11,0.8299100449775112,0.000310471049475249,4.1416837999998215,0.21709031688589758,0.8568187627080495,13340
mmlu,3,0,42,Cascade Routing,12,0.8562218890554723,0.00042977059970013525,5.733139799999805,0.3005080049648316,0.8568187627080495,13340
mmlu,3,0,42,Cascade Routing,13,0.8694902548725637,0.0006026016491753972,8.038705999999799,0.42135646204874394,0.8568187627080495,13340
mmlu,3,0,42,Cascade Routing,14,0.8767616191904049,0.000712183778110929,9.500531599999793,0.49797944875186456,0.8568187627080495,13340
mmlu,3,0,42,Cascade Routing,15,0.8808845577211394,0.0008703956221888887,11.611077599999774,0.6086057355635905,0.8568187627080495,13340
mmlu,3,0,42,Cascade Routing,16,0.881184407796102,0.0009598778860569521,12.804770999999741,0.6711743166007543,0.8568187627080495,13340
mmlu,3,0,42,Cascade Routing,17,0.8814092953523238,0.0010892435382308624,14.530508799999705,0.7616305136344294,0.8568187627080495,13340
mmlu,3,0,42,Cascade Routing,18,0.881184407796102,0.0012389425487256123,16.52749359999967,0.8663043815546051,0.8568187627080495,13340
mmlu,3,0,42,Cascade Routing,19,0.8813343328335832,0.0013665993853073188,18.230435799999633,0.9555657254158569,0.8568187627080495,13340
mmlu,3,0,42,Best Single / Static,0,0.8119940029985008,0.0014301469265367197,19.07815999999984,1.0,,13340
mmlu,3,0,42,Oracle,0,0.8837331334332834,,,,,13340
mmlu,5,0,42,Routing,0,0.44782608695652176,4.2969452773610876e-05,0.573212499999969,0.030045481325241735,0.8458116822443522,13340
mmlu,5,0,42,Routing,1,0.4874062968515742,4.550225637181158e-05,0.6070000999999665,0.03181649068882804,0.8458116822443522,13340
mmlu,5,0,42,Routing,2,0.5474512743628186,4.9891949025484385e-05,0.6655585999999617,0.03488589046322954,0.8458116822443522,13340
mmlu,5,0,42,Routing,3,0.5983508245877062,5.460776611693817e-05,0.7284675999999553,0.03818332585532155,0.8458116822443522,13340
mmlu,5,0,42,Routing,4,0.6266116941529235,5.785435532233513e-05,0.7717770999999507,0.040453434712779276,0.8458116822443522,13340
mmlu,5,0,42,Routing,5,0.6655172413793103,6.320076461768687e-05,0.8430981999999427,0.04419179837049012,0.8458116822443522,13340
mmlu,5,0,42,Routing,6,0.693328335832084,6.839459520239382e-05,0.9123838999999336,0.04782347459083797,0.8458116822443522,13340
mmlu,5,0,42,Routing,7,0.7108695652173913,7.212986506746097e-05,0.9622123999999294,0.05043528306712688,0.8458116822443522,13340
mmlu,5,0,42,Routing,8,0.7220389805097451,7.553925037480683e-05,1.0076935999999233,0.05281922365678512,0.8458116822443522,13340
mmlu,5,0,42,Routing,9,0.7374062968515742,8.164463268365179e-05,1.0891393999999148,0.05708828314679843,0.8458116822443522,13340
mmlu,5,0,42,Routing,10,0.7374062968515742,8.164463268365179e-05,1.0891393999999148,0.05708828314679843,0.8458116822443522,13340
mmlu,5,0,42,Routing,11,0.7495502248875562,8.763379310344137e-05,1.1690347999999078,0.06127607693823291,0.8458116822443522,13340
mmlu,5,0,42,Routing,12,0.7558470764617691,9.321485007495526e-05,1.2434860999999031,0.06517851302221564,0.8458116822443522,13340
mmlu,5,0,42,Routing,13,0.7583208395802099,9.695784857570463e-05,1.2934176999998999,0.06779572558359456,0.8458116822443522,13340
mmlu,5,0,42,Routing,14,0.7631934032983508,0.00010300733883057707,1.374117899999898,0.07202570373662394,0.8458116822443522,13340
mmlu,5,0,42,Routing,15,0.7694152923538231,0.00011540291604197111,1.5394748999998946,0.08069304901520416,0.8458116822443522,13340
mmlu,5,0,42,Routing,16,0.7726386806596701,0.000123709820089947,1.6502889999998929,0.08650147603332327,0.8458116822443522,13340
mmlu,5,0,42,Routing,17,0.7751874062968516,0.0001287007196401718,1.7168675999998917,0.08999125701849162,0.8458116822443522,13340
mmlu,5,0,42,Routing,18,0.7804347826086957,0.00014435720389804264,1.925725099999889,0.10093872260217468,0.8458116822443522,13340
mmlu,5,0,42,Routing,19,0.7835082458770615,0.0001515660344827502,2.021890899999888,0.10597934496827287,0.8458116822443522,13340
mmlu,5,0,42,Routing,20,0.7835082458770615,0.0001515660344827502,2.021890899999888,0.10597934496827287,0.8458116822443522,13340
mmlu,5,0,42,Routing,21,0.8285607196401799,0.00030778770614691694,4.105887999999872,0.21521404579896103,0.8458116822443522,13340
mmlu,5,0,42,Routing,22,0.8497001499250375,0.0004519479985007399,6.02898629999987,0.31601508216724883,0.8458116822443522,13340
mmlu,5,0,42,Routing,23,0.8616191904047976,0.0005904214917541132,7.87622269999987,0.41283974450365946,0.8458116822443522,13340
mmlu,5,0,42,Routing,24,0.8679160419790105,0.0007059634407796006,9.417552299999873,0.4936300093929368,0.8458116822443522,13340
mmlu,5,0,42,Routing,25,0.8699400299850075,0.0007962290254872468,10.621695199999873,0.5567463109649967,0.8458116822443522,13340
mmlu,5,0,42,Routing,26,0.8699400299850075,0.0007962290254872468,10.621695199999873,0.5567463109649967,0.8458116822443522,13340
mmlu,5,0,42,Routing,27,0.8699400299850075,0.0007962290254872468,10.621695199999873,0.5567463109649967,0.8458116822443522,13340
mmlu,5,0,42,Routing,28,0.8699400299850075,0.0007962290254872468,10.621695199999873,0.5567463109649967,0.8458116822443522,13340
mmlu,5,0,42,Routing,29,0.8699400299850075,0.0007962290254872468,10.621695199999873,0.5567463109649967,0.8458116822443522,13340
mmlu,5,0,42,Cascade,0,0.4461769115442279,4.240191904047748e-05,0.5656415999999695,0.02964864536202518,0.8586916206533729,13340
mmlu,5,0,42,Cascade,1,0.45929535232383806,4.442482758620453e-05,0.5926271999999684,0.031063121391160017,0.8586916206533729,13340
mmlu,5,0,42,Cascade,2,0.49130434782608695,5.0870644677658404e-05,0.6786143999999631,0.0355702227049133,0.8586916206533729,13340
mmlu,5,0,42,Cascade,3,0.5142428785607196,5.6866401799097236e-05,0.7585977999999571,0.03976262910049834,0.8586916206533729,13340
mmlu,5,0,42,Cascade,4,0.532983508245877,6.211631184407453e-05,0.8286315999999542,0.043433517697721434,0.8586916206533729,13340
mmlu,5,0,42,Cascade,5,0.5494752623688156,6.85473763118404e-05,0.914421999999951,0.0479303035512837,0.8586916206533729,13340
mmlu,5,0,42,Cascade,6,0.5494752623688156,6.85473763118404e-05,0.914421999999951,0.0479303035512837,0.8586916206533729,13340
mmlu,5,0,42,Cascade,7,0.550824587706147,6.920017991004125e-05,0.9231303999999503,0.04838676266474115,0.8586916206533729,13340
mmlu,5,0,42,Cascade,8,0.5585457271364318,7.30502998500711e-05,0.9744909999999485,0.05107887762760961,0.8586916206533729,13340
mmlu,5,0,42,Cascade,9,0.5885307346326837,9.022994002998048e-05,1.2036673999999397,0.06309137778485711,0.8586916206533729,13340
mmlu,5,0,42,Cascade,10,0.6179910044977511,9.388970014992027e-05,1.2524885999999364,0.06565038766840968,0.8586916206533729,13340
mmlu,5,0,42,Cascade,11,0.6179910044977511,9.388970014992027e-05,1.2524885999999364,0.06565038766840968,0.8586916206533729,13340
mmlu,5,0,42,Cascade,12,0.6776611694152923,0.00010892992503747571,1.453125199999926,0.07616694691730953,0.8586916206533729,13340
mmlu,5,0,42,Cascade,13,0.6776611694152923,0.00010892992503747571,1.453125199999926,0.07616694691730953,0.8586916206533729,13340
mmlu,5,0,42,Cascade,14,0.7119940029985008,0.00011198187406296248,1.4938381999999195,0.07830095774434914,0.8586916206533729,13340
mmlu,5,0,42,Cascade,15,0.7156671664167916,0.00011588596701648564,1.5459187999999184,0.08103081219572177,0.8586916206533729,13340
mmlu,5,0,42,Cascade,16,0.7122938530734633,0.00011870841079459664,1.5835701999999192,0.08300434633108918,0.8586916206533729,13340
mmlu,5,0,42,Cascade,17,0.724287856071964,0.0001306702998500685,1.7431417999999137,0.09136844433634733,0.8586916206533729,13340
mmlu,5,0,42,Cascade,18,0.7422788605697151,0.0001331666866566648,1.7764435999999082,0.09311399002838446,0.8586916206533729,13340
mmlu,5,0,42,Cascade,19,0.74047976011994,0.0001435232083957948,1.9145995999999026,0.10035556888085216,0.8586916206533729,13340
mmlu,5,0,42,Cascade,20,0.74047976011994,0.0001435232083957948,1.9145995999999026,0.10035556888085216,0.8586916206533729,13340
mmlu,5,0,42,Cascade,21,0.8214392803598201,0.0002945760269864952,3.9296441999998457,0.20597605848781425,0.8586916206533729,13340
mmlu,5,0,42,Cascade,22,0.8505247376311844,0.0003979491154422666,5.308641199999837,0.27825750491661044,0.8586916206533729,13340
mmlu,5,0,42,Cascade,23,0.8780359820089955,0.0005121143778110819,6.831605799999833,0.3580851507692508,0.8586916206533729,13340
mmlu,5,0,42,Cascade,24,0.9019490254872564,0.0006338137631184259,8.455075599999802,0.44318087278856405,0.8586916206533729,13340
mmlu,5,0,42,Cascade,25,0.9002998500749625,0.0006343638830584558,8.4624141999998,0.44356553252514236,0.8586916206533729,13340
mmlu,5,0,42,Cascade,26,0.9002998500749625,0.0006343638830584558,8.4624141999998,0.44356553252514236,0.8586916206533729,13340
mmlu,5,0,42,Cascade,27,0.9002998500749625,0.0006343638830584558,8.4624141999998,0.44356553252514236,0.8586916206533729,13340
mmlu,5,0,42,Cascade,28,0.9041229385307347,0.0006624854272863418,8.8375555999998,0.46322892773725943,0.8586916206533729,13340
mmlu,5,0,42,Cascade,29,0.9011244377811094,0.0007334837031484093,9.78467259999978,0.5128729709783261,0.8586916206533729,13340
mmlu,5,0,42,Cascade Routing,0,0.44782608695652176,4.2969452773610876e-05,0.573212499999969,0.030045481325241735,0.8870340964997274,13340
mmlu,5,0,42,Cascade Routing,1,0.4874062968515742,4.550225637181158e-05,0.6070000999999665,0.03181649068882804,0.8870340964997274,13340
mmlu,5,0,42,Cascade Routing,2,0.5460269865067466,4.978418290854287e-05,0.6641209999999619,0.034810537284516295,0.8870340964997274,13340
mmlu,5,0,42,Cascade Routing,3,0.5973763118440779,5.455850074962186e-05,0.7278103999999556,0.03814887808887029,0.8870340964997274,13340
mmlu,5,0,42,Cascade Routing,4,0.633208395802099,5.865646176911173e-05,0.7824771999999505,0.04101429068631131,0.8870340964997274,13340
mmlu,5,0,42,Cascade Routing,5,0.6721889055472264,6.42835607196359e-05,0.8575426999999429,0.04494892065062617,0.8870340964997274,13340
mmlu,5,0,42,Cascade Routing,6,0.6957271364317841,6.887155172413305e-05,0.918746499999935,0.04815697635411081,0.8870340964997274,13340
mmlu,5,0,42,Cascade Routing,7,0.717391304347826,7.29103898050921e-05,0.9726245999999286,0.05098104848685286,0.8870340964997274,13340
mmlu,5,0,42,Cascade Routing,8,0.7338830584707646,7.719660419789533e-05,1.0298026999999237,0.05397809327523893,0.8870340964997274,13340
mmlu,5,0,42,Cascade Routing,9,0.7510494752623689,8.389607196401176e-05,1.1191735999999168,0.05866255446017468,0.8870340964997274,13340
mmlu,5,0,42,Cascade Routing,10,0.7511244377811095,8.392223388305224e-05,1.1195225999999168,0.058680847628907934,0.8870340964997274,13340
mmlu,5,0,42,Cascade Routing,11,0.764167916041979,9.008296851573545e-05,1.201706799999911,0.0629886110610206,0.8870340964997274,13340
mmlu,5,0,42,Cascade Routing,12,0.7745127436281859,9.68669040479687e-05,1.2922044999999025,0.06773213454546526,0.8870340964997274,13340
mmlu,5,0,42,Cascade Routing,13,0.7804347826086957,0.00010072880809594438,1.3437222999998981,0.07043248929665698,0.8870340964997274,13340
mmlu,5,0,42,Cascade Routing,14,0.7865817091454272,0.00010957994002997681,1.4617963999998906,0.07662145615719246,0.8870340964997274,13340
mmlu,5,0,42,Cascade Routing,15,0.7861319340329835,0.000111631919040472,1.4891697999998965,0.07805625909416364,0.8870340964997274,13340
mmlu,5,0,42,Cascade Routing,16,0.7892803598200899,0.00011461675412292994,1.5289874999998854,0.08014334191556724,0.8870340964997274,13340
mmlu,5,0,42,Cascade Routing,17,0.7915292353823088,0.00011730236131933145,1.5648134999998815,0.08202119596438517,0.8870340964997274,13340
mmlu,5,0,42,Cascade Routing,18,0.7963268365817091,0.00012555642428784653,1.6749226999998728,0.08779267497493923,0.8870340964997274,13340
mmlu,5,0,42,Cascade Routing,19,0.7986506746626687,0.00012840740629684256,1.7129547999998798,0.08978616386485352,0.8870340964997274,13340
mmlu,5,0,42,Cascade Routing,20,0.8014992503748126,0.0001289354572713554,1.7199989999998813,0.09015539234391029,0.8870340964997274,13340
mmlu,5,0,42,Cascade Routing,21,0.8589955022488756,0.00028046163418289643,3.7413581999998384,0.19610686774824562,0.8870340964997274,13340
mmlu,5,0,42,Cascade Routing,22,0.8847076461769116,0.00039651226386805356,5.289473599999835,0.2772528168334828,0.8870340964997274,13340
mmlu,5,0,42,Cascade Routing,23,0.9050224887556222,0.0006028808395801953,8.042430399999805,0.4215516800362232,0.8870340964997274,13340
mmlu,5,0,42,Cascade Routing,24,0.912368815592204,0.000732314812593688,9.769079599999799,0.5120556489724313,0.8870340964997274,13340
mmlu,5,0,42,Cascade Routing,25,0.914767616191904,0.0008538695577211243,11.390619899999798,0.5970502344041508,0.8870340964997274,13340
mmlu,5,0,42,Cascade Routing,26,0.9167916041979011,0.0009679193253373152,12.912043799999784,0.6767971229929873,0.8870340964997274,13340
mmlu,5,0,42,Cascade Routing,27,0.918215892053973,0.0011221623313343132,14.969645499999737,0.7846482836919212,0.8870340964997274,13340
mmlu,5,0,42,Cascade Routing,28,0.9186656671664168,0.0012405535007496043,16.54898369999972,0.8674308056961394,0.8870340964997274,13340
mmlu,5,0,42,Cascade Routing,29,0.9182908545727136,0.0013800377511244148,18.409703599999695,0.9649622185787229,0.8870340964997274,13340
mmlu,5,0,42,Best Single / Static,0,0.8119940029985008,0.0014301469265367197,19.07815999999984,1.0,,13340
mmlu,5,0,42,Oracle,0,0.9225637181409295,,,,,13340
mmlu,11,0,42,Routing,0,0.2543478260869565,2.8495860569715075e-05,0.3801347799999991,0.019925127999765296,0.8713916528116876,13340
mmlu,11,0,42,Routing,1,0.2667166416791604,2.8736403598200817e-05,0.3833436239999989,0.02009332262650078,0.8713916528116876,13340
mmlu,11,0,42,Routing,2,0.3356821589205397,3.015417721139406e-05,0.4022567239999968,0.021084670848761103,0.8713916528116876,13340
mmlu,11,0,42,Routing,3,0.3922788605697151,3.158177091454231e-05,0.4213008239999944,0.022082885561290917,0.8713916528116876,13340
mmlu,11,0,42,Routing,4,0.43575712143928036,3.31247919040474e-05,0.4418847239999923,0.023161810363263334,0.8713916528116876,13340
mmlu,11,0,42,Routing,5,0.47691154422788606,3.504228065966934e-05,0.467464023999989,0.02450257383311561,0.8713916528116876,13340
mmlu,11,0,42,Routing,6,0.5038230884557721,3.669463688155821e-05,0.48950645599998655,0.025657948984597605,0.8713916528116876,13340
mmlu,11,0,42,Routing,7,0.5208395802098951,3.798625607196287e-05,0.5067366559999846,0.026561086394075156,0.8713916528116876,13340
mmlu,11,0,42,Routing,8,0.5391304347826087,3.9383939730133646e-05,0.5253817559999828,0.02753838714005896,0.8713916528116876,13340
mmlu,11,0,42,Routing,9,0.5605697151424288,4.11355997001485e-05,0.548748899999981,0.02876319833778444,0.8713916528116876,13340
mmlu,11,0,42,Routing,10,0.5605697151424288,4.11355997001485e-05,0.548748899999981,0.02876319833778444,0.8713916528116876,13340
mmlu,11,0,42,Routing,11,0.6092203898050974,4.577563718140756e-05,0.6106469999999768,0.03200764643969764,0.8713916528116876,13340
mmlu,11,0,42,Routing,12,0.6505997001499251,5.0233530734630653e-05,0.6701152999999729,0.03512473425110066,0.8713916528116876,13340
mmlu,11,0,42,Routing,13,0.6883058470764618,5.4855352323835785e-05,0.7317703999999694,0.03835644527564375,0.8713916528116876,13340
mmlu,11,0,42,Routing,14,0.715592203898051,5.859283358320592e-05,0.7816283999999669,0.0409698000226423,0.8713916528116876,13340
mmlu,11,0,42,Routing,15,0.7473013493253373,6.446862818590429e-05,0.8600114999999632,0.045078325163431396,0.8713916528116876,13340
mmlu,11,0,42,Routing,16,0.766416791604198,6.800462518740346e-05,0.9071816999999621,0.04755079630320585,0.8713916528116876,13340
mmlu,11,0,42,Routing,17,0.7784107946026987,7.067077961019197e-05,0.9427481999999608,0.049415048411375555,0.8713916528116876,13340
mmlu,11,0,42,Routing,18,0.7992503748125938,7.654503748125614e-05,1.021110799999957,0.053522499025061405,0.8713916528116876,13340
mmlu,11,0,42,Routing,19,0.8145427286356821,8.190959520239535e-05,1.092673999999954,0.05727355258578202,0.8713916528116876,13340
mmlu,11,0,42,Routing,20,0.8145427286356821,8.190959520239535e-05,1.092673999999954,0.05727355258578202,0.8713916528116876,13340
mmlu,11,0,42,Routing,21,0.8202398800599701,8.480712143927674e-05,1.1313269999999518,0.05929958654293502,0.8713916528116876,13340
mmlu,11,0,42,Routing,22,0.824887556221889,8.804901049474885e-05,1.1745737999999497,0.061566408919935645,0.8713916528116876,13340
mmlu,11,0,42,Routing,23,0.8299100449775112,9.240107196401404e-05,1.2326302999999472,0.06460949588429689,0.8713916528116876,13340
mmlu,11,0,42,Routing,24,0.8319340329835082,9.492690404797188e-05,1.2663248999999448,0.06637563056395142,0.8713916528116876,13340
mmlu,11,0,42,Routing,25,0.8329085457271365,9.729049475261945e-05,1.2978551999999435,0.0680283213894817,0.8713916528116876,13340
mmlu,11,0,42,Routing,26,0.8332083958020989,9.894867316341398e-05,1.3199752999999426,0.06918776758345425,0.8713916528116876,13340
mmlu,11,0,42,Routing,27,0.8331334332833583,0.0001021030284857528,1.3620543999999424,0.07139338384833514,0.8713916528116876,13340
mmlu,11,0,42,Routing,28,0.8335832083958021,0.00010457356821588769,1.3950113999999418,0.07312085651865555,0.8713916528116876,13340
mmlu,11,0,42,Routing,29,0.8341079460269865,0.00010671200149924595,1.423538099999941,0.07461611077797611,0.8713916528116876,13340
mmlu,11,0,42,Routing,30,0.8341079460269865,0.00010671200149924595,1.423538099999941,0.07461611077797611,0.8713916528116876,13340
mmlu,11,0,42,Routing,31,0.8642428785607197,0.0002597486206896492,3.4650465999999205,0.1816237310096964,0.8713916528116876,13340
mmlu,11,0,42,Routing,32,0.8771364317841079,0.0003851512593703084,5.137917799999914,0.26930887465038333,0.8713916528116876,13340
mmlu,11,0,42,Routing,33,0.885007496251874,0.000516736154422782,6.893260299999913,0.36131683034422446,0.8713916528116876,13340
mmlu,11,0,42,Routing,34,0.8873313343328336,0.0006418205772113874,8.561886499999908,0.4487794682506059,0.8713916528116876,13340
mmlu,11,0,42,Routing,35,0.8881559220389805,0.0006754768740629616,9.010861499999908,0.47231292221052673,0.8713916528116876,13340
mmlu,11,0,42,Routing,36,0.8881559220389805,0.0006754768740629616,9.010861499999908,0.47231292221052673,0.8713916528116876,13340
mmlu,11,0,42,Routing,37,0.8881559220389805,0.0006754768740629616,9.010861499999908,0.47231292221052673,0.8713916528116876,13340
mmlu,11,0,42,Routing,38,0.8881559220389805,0.0006754768740629616,9.010861499999908,0.47231292221052673,0.8713916528116876,13340
mmlu,11,0,42,Routing,39,0.8881559220389805,0.0006754768740629616,9.010861499999908,0.47231292221052673,0.8713916528116876,13340
mmlu,11,0,42,Cascade,0,0.25412293853073464,2.8270029985007436e-05,0.3771221999999992,0.019767220738268382,0.8779909014978485,13340
mmlu,11,0,42,Cascade,1,0.25697151424287856,2.8578125937031413e-05,0.381232199999999,0.019982650318479466,0.8779909014978485,13340
mmlu,11,0,42,Cascade,2,0.27023988005997,3.020113943028466e-05,0.4028831999999974,0.021117508187372406,0.8779909014978485,13340
mmlu,11,0,42,Cascade,3,0.2831334332833583,3.1736529235382056e-05,0.4233652999999966,0.022191097044998057,0.8779909014978485,13340
mmlu,11,0,42,Cascade,4,0.3009745127436282,3.3805946926536395e-05,0.4509713319999955,0.02363809361070456,0.8779909014978485,13340
mmlu,11,0,42,Cascade,5,0.3209895052473763,3.626363778110899e-05,0.48375692799999387,0.025356581976458837,0.8779909014978485,13340
mmlu,11,0,42,Cascade,6,0.33073463268365816,3.759282248875505e-05,0.5014882519999924,0.02628598627959911,0.8779909014978485,13340
mmlu,11,0,42,Cascade,7,0.3410794602698651,3.8912265067465626e-05,0.5190896159999915,0.02720857860506442,0.8779909014978485,13340
mmlu,11,0,42,Cascade,8,0.3502248875562219,4.009530614692583e-05,0.5348713839999906,0.02803579506619061,0.8779909014978485,13340
mmlu,11,0,42,Cascade,9,0.357496251874063,4.1063847076461014e-05,0.5477917199999899,0.028713026832776038,0.8779909014978485,13340
mmlu,11,0,42,Cascade,10,0.357496251874063,4.1063847076461014e-05,0.5477917199999899,0.028713026832776038,0.8779909014978485,13340
mmlu,11,0,42,Cascade,11,0.3896551724137931,4.5889102548724545e-05,0.6121606279999854,0.032086984698733556,0.8779909014978485,13340
mmlu,11,0,42,Cascade,12,0.4179160419790105,4.994434632683531e-05,0.666257579999983,0.03492252816833429,0.8779909014978485,13340
mmlu,11,0,42,Cascade,13,0.43013493253373314,5.1993402398799234e-05,0.6935919879999818,0.03635528730233878,0.8779909014978485,13340
mmlu,11,0,42,Cascade,14,0.4510494752623688,5.5784384707644606e-05,0.744163691999979,0.03900605152698086,0.8779909014978485,13340
mmlu,11,0,42,Cascade,15,0.5033733133433284,6.666783658170726e-05,0.8893489399999749,0.0466160751351274,0.8779909014978485,13340
mmlu,11,0,42,Cascade,16,0.5498500749625187,7.522946866566488e-05,1.0035611119999694,0.052602615346552174,0.8779909014978485,13340
mmlu,11,0,42,Cascade,17,0.5862818590704648,7.621010134932291e-05,1.0166427519999677,0.05328830201654542,0.8779909014978485,13340
mmlu,11,0,42,Cascade,18,0.613568215892054,8.223283118440495e-05,1.096985967999962,0.057499568511846594,0.8779909014978485,13340
mmlu,11,0,42,Cascade,19,0.620464767616192,8.837279640179621e-05,1.1788931039999615,0.061792809369455505,0.8779909014978485,13340
mmlu,11,0,42,Cascade,20,0.6481259370314842,9.217630254872227e-05,1.2296318759999552,0.06445233062307713,0.8779909014978485,13340
mmlu,11,0,42,Cascade,21,0.6443028485757122,9.246651034482443e-05,1.233503247999958,0.06465525228847899,0.8779909014978485,13340
mmlu,11,0,42,Cascade,22,0.6267616191904049,9.604363868065672e-05,1.2812221399999606,0.06715648364412351,0.8779909014978485,13340
mmlu,11,0,42,Cascade,23,0.6267616191904049,9.604363868065672e-05,1.2812221399999606,0.06715648364412351,0.8779909014978485,13340
mmlu,11,0,42,Cascade,24,0.6828335832083958,0.00010030858050974138,1.33811646399995,0.07013865404210684,0.8779909014978485,13340
mmlu,11,0,42,Cascade,25,0.6997001499250375,0.00010296294062968143,1.3735256279999501,0.07199465923338318,0.8779909014978485,13340
mmlu,11,0,42,Cascade,26,0.6846326836581709,0.0001077349595202361,1.4371843599999496,0.07533139254519103,0.8779909014978485,13340
mmlu,11,0,42,Cascade,27,0.7401049475262369,0.00010812600089954589,1.442400851999942,0.07560481996167105,0.8779909014978485,13340
mmlu,11,0,42,Cascade,28,0.6948275862068966,0.00011048842818590313,1.4739156319999478,0.07725669729156062,0.8779909014978485,13340
mmlu,11,0,42,Cascade,29,0.6987256371814093,0.00012112342188905115,1.6157864479999422,0.08469299177698246,0.8779909014978485,13340
mmlu,11,0,42,Cascade,30,0.6987256371814093,0.00012112342188905115,1.6157864479999422,0.08469299177698246,0.8779909014978485,13340
mmlu,11,0,42,Cascade,31,0.8619190404797601,0.00024513152473762346,3.270054539999897,0.17140303572251853,0.8779909014978485,13340
mmlu,11,0,42,Cascade,32,0.8961769115442278,0.0003911467514242775,5.217897663999862,0.2735010957031446,0.8779909014978485,13340
mmlu,11,0,42,Cascade,33,0.9261619190404797,0.0005787418344827456,7.720416071999827,0.4046729911060548,0.8779909014978485,13340
mmlu,11,0,42,Cascade,34,0.9272113943028486,0.0006396301109445136,8.532665679999813,0.44724783102772403,0.8779909014978485,13340
mmlu,11,0,42,Cascade,35,0.9274362818590705,0.0006482019586206752,8.647014127999807,0.4532415142760035,0.8779909014978485,13340
mmlu,11,0,42,Cascade,36,0.9274362818590705,0.0006482019586206752,8.647014127999807,0.4532415142760035,0.8779909014978485,13340
mmlu,11,0,42,Cascade,37,0.9274362818590705,0.0006482019586206752,8.647014127999807,0.4532415142760035,0.8779909014978485,13340
mmlu,11,0,42,Cascade,38,0.9274362818590705,0.0006482019586206752,8.647014127999807,0.4532415142760035,0.8779909014978485,13340
mmlu,11,0,42,Cascade,39,0.9215892053973014,0.0006557991898050828,8.748361191999804,0.45855371754927504,0.8779909014978485,13340
mmlu,11,0,42,Cascade Routing,0,0.2543478260869565,2.8495860569715075e-05,0.3801347799999991,0.019925127999765296,0.9243468254337305,13340
mmlu,11,0,42,Cascade Routing,1,0.2667166416791604,2.8736403598200817e-05,0.3833436239999989,0.02009332262650078,0.9243468254337305,13340
mmlu,11,0,42,Cascade Routing,2,0.3356821589205397,3.015417721139406e-05,0.4022567239999968,0.021084670848761103,0.9243468254337305,13340
mmlu,11,0,42,Cascade Routing,3,0.3922788605697151,3.158177091454231e-05,0.4213008239999944,0.022082885561290917,0.9243468254337305,13340
mmlu,11,0,42,Cascade Routing,4,0.435832083958021,3.312728815592146e-05,0.4419180239999923,0.02316355581460665,0.9243468254337305,13340
mmlu,11,0,42,Cascade Routing,5,0.47788605697151426,3.511122368815509e-05,0.46838372399998895,0.02455078078808401,0.9243468254337305,13340
mmlu,11,0,42,Cascade Routing,6,0.5036731634182908,3.667940449775013e-05,0.4893032559999867,0.025647298062286446,0.9243468254337305,13340
mmlu,11,0,42,Cascade Routing,7,0.5188905547226387,3.788864737631072e-05,0.505434555999985,0.026492835577434575,0.9243468254337305,13340
mmlu,11,0,42,Cascade Routing,8,0.5421289355322338,3.96179802098938e-05,0.5285038559999833,0.027702034997085026,0.9243468254337305,13340
mmlu,11,0,42,Cascade Routing,9,0.55119940029985,4.035270284857441e-05,0.5383050559999826,0.02821577426753875,0.9243468254337305,13340
mmlu,11,0,42,Cascade Routing,10,0.5516491754122939,4.037915712143798e-05,0.5386579559999827,0.028234271858501404,0.9243468254337305,13340
mmlu,11,0,42,Cascade Routing,11,0.6113943028485758,4.612652173912879e-05,0.615327799999978,0.03225299504773957,0.9243468254337305,13340
mmlu,11,0,42,Cascade Routing,12,0.6543478260869565,5.071193403298151e-05,0.6764971999999734,0.03545924764232918,0.9243468254337305,13340
mmlu,11,0,42,Cascade Routing,13,0.6956521739130435,5.553729385307119e-05,0.7408674999999697,0.038833278471297854,0.9243468254337305,13340
mmlu,11,0,42,Cascade Routing,14,0.7276611694152924,5.9874640179907576e-05,0.7987276999999671,0.04186607618344608,0.9243468254337305,13340
mmlu,11,0,42,Cascade Routing,15,0.752023988005997,6.374224887555959e-05,0.8503215999999649,0.044570419788908994,0.9243468254337305,13340
mmlu,11,0,42,Cascade Routing,16,0.7863568215892054,7.051222638680362e-05,0.9406330999999604,0.04930418342229902,0.9243468254337305,13340
mmlu,11,0,42,Cascade Routing,17,0.8047976011994002,7.427518740629375e-05,0.9908309999999586,0.051935354352828936,0.9243468254337305,13340
mmlu,11,0,42,Cascade Routing,18,0.8203898050974513,7.836733883058145e-05,1.0454202999999564,0.05479670471366029,0.9243468254337305,13340
mmlu,11,0,42,Cascade Routing,19,0.8332833583208396,8.195482008995163e-05,1.0932772999999547,0.05730517513219115,0.9243468254337305,13340
mmlu,11,0,42,Cascade Routing,20,0.8335082458770615,8.197793853073126e-05,1.093585699999955,0.05732134021310043,0.9243468254337305,13340
mmlu,11,0,42,Cascade Routing,21,0.8457271364317841,8.618437781109083e-05,1.1496995999999517,0.060262603940839224,0.9243468254337305,13340
mmlu,11,0,42,Cascade Routing,22,0.8504497751124438,8.924089955022114e-05,1.19047359999995,0.06239981214121068,0.9243468254337305,13340
mmlu,11,0,42,Cascade Routing,23,0.8595952023988006,9.338170914542337e-05,1.2457119999999477,0.06529518569924762,0.9243468254337305,13340
mmlu,11,0,42,Cascade Routing,24,0.8664167916041979,9.768233133432874e-05,1.3030822999999454,0.06830230483442619,0.9243468254337305,13340
mmlu,11,0,42,Cascade Routing,25,0.8697901049475263,0.00010089116191903624,1.3458880999999434,0.07054601177471803,0.9243468254337305,13340
mmlu,11,0,42,Cascade Routing,26,0.8735382308845577,0.00010435531484257429,1.392099899999941,0.07296824746201691,0.9243468254337305,13340
mmlu,11,0,42,Cascade Routing,27,0.8756371814092954,0.00010622746626686207,1.41707439999994,0.07427730976152584,0.9243468254337305,13340
mmlu,11,0,42,Cascade Routing,28,0.87976011994003,0.00010988224137930572,1.4658290999999384,0.07683283398398748,0.9243468254337305,13340
mmlu,11,0,42,Cascade Routing,29,0.8820839580209895,0.00011331777361318855,1.5116590999999353,0.07923505725918788,0.9243468254337305,13340
mmlu,11,0,42,Cascade Routing,30,0.8820839580209895,0.00011340877811093968,1.5128730999999354,0.07929869023008235,0.9243468254337305,13340
mmlu,11,0,42,Cascade Routing,31,0.9228635682158921,0.00026592011244377077,3.547374299999902,0.1859390161315311,0.9243468254337305,13340
mmlu,11,0,42,Cascade Routing,32,0.9350824587706147,0.00042945575712142927,5.728939799999867,0.3002878579485608,0.9243468254337305,13340
mmlu,11,0,42,Cascade Routing,33,0.9411544227886057,0.000590236236881548,7.87375139999985,0.4127102089509636,0.9243468254337305,13340
mmlu,11,0,42,Cascade Routing,34,0.9431034482758621,0.000732059572713631,9.765674699999838,0.5118771778829782,0.9243468254337305,13340
mmlu,11,0,42,Cascade Routing,35,0.9450524737631184,0.0008577837382308716,11.442835067999827,0.5997871423659265,0.9243468254337305,13340
mmlu,11,0,42,Cascade Routing,36,0.9446776611694153,0.0009858316539729987,13.150994263999804,0.6893219400613011,0.9243468254337305,13340
mmlu,11,0,42,Cascade Routing,37,0.9449025487256372,0.0011324625379310184,15.107050255999786,0.7918504853717503,0.9243468254337305,13340
mmlu,11,0,42,Cascade Routing,38,0.9444527736131934,0.0012537220866566535,16.724652635999757,0.8766386609610097,0.9243468254337305,13340
mmlu,11,0,42,Cascade Routing,39,0.9446776611694153,0.0014102936881559029,18.813317799999744,0.9861180428301209,0.9243468254337305,13340
mmlu,11,0,42,Best Single / Static,0,0.8119940029985008,0.0014301469265367197,19.07815999999984,1.0,,13340
mmlu,11,0,42,Oracle,0,0.9545727136431784,,,,,13340
mbpp,3,0,42,Routing,0,0.6133004926108374,0.00020163201970441156,0.0818625999999911,0.02137622368857173,0.7550773870363534,406
mbpp,3,0,42,Routing,1,0.6699507389162561,0.00023742167487682882,0.0963931999999925,0.025170500390377246,0.7550773870363534,406
mbpp,3,0,42,Routing,2,0.6748768472906403,0.0002397719211822475,0.09734739999999249,0.025419664143344255,0.7550773870363534,406
mbpp,3,0,42,Routing,3,0.7019704433497537,0.0002629610837438261,0.1067621999999934,0.027878086802570888,0.7550773870363534,406
mbpp,3,0,42,Routing,4,0.7068965517241379,0.0003133753694581133,0.127230399999994,0.03322280858886261,0.7550773870363534,406
mbpp,3,0,42,Routing,5,0.7068965517241379,0.0003133753694581133,0.127230399999994,0.03322280858886261,0.7550773870363534,406
mbpp,3,0,42,Routing,6,0.7068965517241379,0.0003133753694581133,0.127230399999994,0.03322280858886261,0.7550773870363534,406
mbpp,3,0,42,Routing,7,0.7068965517241379,0.0003133753694581133,0.127230399999994,0.03322280858886261,0.7550773870363534,406
mbpp,3,0,42,Routing,8,0.7068965517241379,0.0003133753694581133,0.127230399999994,0.03322280858886261,0.7550773870363534,406
mbpp,3,0,42,Routing,9,0.7068965517241379,0.0003133753694581133,0.127230399999994,0.03322280858886261,0.7550773870363534,406
mbpp,3,0,42,Routing,10,0.7068965517241379,0.0003133753694581133,0.127230399999994,0.03322280858886261,0.7550773870363534,406
mbpp,3,0,42,Routing,11,0.7266009852216748,0.0007377699507389029,0.29953459999999454,0.07821543185859522,0.7550773870363534,406
mbpp,3,0,42,Routing,12,0.7512315270935961,0.0020370866995073765,0.8270571999999948,0.2159638187700564,0.7550773870363534,406
mbpp,3,0,42,Routing,13,0.7610837438423645,0.0036702596059113184,1.4901253999999953,0.38910630586404277,0.7550773870363534,406
mbpp,3,0,42,Routing,14,0.7635467980295566,0.003933229064039396,1.5968909999999947,0.41698528048547934,0.7550773870363534,406
mbpp,3,0,42,Routing,15,0.7635467980295566,0.003933229064039396,1.5968909999999947,0.41698528048547934,0.7550773870363534,406
mbpp,3,0,42,Routing,16,0.7635467980295566,0.003933229064039396,1.5968909999999947,0.41698528048547934,0.7550773870363534,406
mbpp,3,0,42,Routing,17,0.7635467980295566,0.003933229064039396,1.5968909999999947,0.41698528048547934,0.7550773870363534,406
mbpp,3,0,42,Routing,18,0.7635467980295566,0.003933229064039396,1.5968909999999947,0.41698528048547934,0.7550773870363534,406
mbpp,3,0,42,Routing,19,0.7635467980295566,0.003933229064039396,1.5968909999999947,0.41698528048547934,0.7550773870363534,406
mbpp,3,0,42,Cascade,0,0.5541871921182266,0.00019326600985219164,0.07846599999998981,0.02048929264337358,0.730161040918871,406
mbpp,3,0,42,Cascade,1,0.5689655172413793,0.000300992610837413,0.12220299999998968,0.03191003783674834,0.730161040918871,406
mbpp,3,0,42,Cascade,2,0.5763546798029556,0.00030479064039406323,0.12374499999998967,0.03231268980391993,0.730161040918871,406
mbpp,3,0,42,Cascade,3,0.5763546798029556,0.00030479064039406323,0.12374499999998967,0.03231268980391993,0.730161040918871,406
mbpp,3,0,42,Cascade,4,0.6305418719211823,0.0006369950738915998,0.2586199999999895,0.0675316807716686,0.730161040918871,406
mbpp,3,0,42,Cascade,5,0.7192118226600985,0.0008176157635467687,0.3319519999999881,0.08668036693031103,0.730161040918871,406
mbpp,3,0,42,Cascade,6,0.7463054187192119,0.0013835812807881463,0.5617339999999874,0.1466817769955656,0.730161040918871,406
mbpp,3,0,42,Cascade,7,0.7463054187192119,0.0013835812807881463,0.5617339999999874,0.1466817769955656,0.730161040918871,406
mbpp,3,0,42,Cascade,8,0.7339901477832512,0.0014292167487684414,0.5802619999999872,0.15151986755831215,0.730161040918871,406
mbpp,3,0,42,Cascade,9,0.7339901477832512,0.0014292167487684414,0.5802619999999872,0.15151986755831215,0.730161040918871,406
mbpp,3,0,42,Cascade,10,0.7339901477832512,0.0014292167487684414,0.5802619999999872,0.15151986755831215,0.730161040918871,406
mbpp,3,0,42,Cascade,11,0.7339901477832512,0.0014292167487684414,0.5802619999999872,0.15151986755831215,0.730161040918871,406
mbpp,3,0,42,Cascade,12,0.7536945812807881,0.0026964926108374054,1.0947759999999866,0.2858714072712333,0.730161040918871,406
mbpp,3,0,42,Cascade,13,0.7660098522167488,0.004306965517241345,1.7486279999999859,0.45660733077258203,0.730161040918871,406
mbpp,3,0,42,Cascade,14,0.7364532019704434,0.005621746305418683,2.2824289999999854,0.5959951535534918,0.730161040918871,406
mbpp,3,0,42,Cascade,15,0.7266009852216748,0.006739532019704393,2.7362499999999836,0.7144983431733222,0.730161040918871,406
mbpp,3,0,42,Cascade,16,0.7216748768472906,0.0069847857142856734,2.8358229999999836,0.7404991631001555,0.730161040918871,406
mbpp,3,0,42,Cascade,17,0.7216748768472906,0.0069847857142856734,2.8358229999999836,0.7404991631001555,0.730161040918871,406
mbpp,3,0,42,Cascade,18,0.7216748768472906,0.0069847857142856734,2.8358229999999836,0.7404991631001555,0.730161040918871,406
mbpp,3,0,42,Cascade,19,0.7216748768472906,0.0069847857142856734,2.8358229999999836,0.7404991631001555,0.730161040918871,406
mbpp,3,0,42,Cascade Routing,0,0.6280788177339901,0.00021607487684726577,0.0877263999999899,0.02290739788124378,0.7927116999067322,406
mbpp,3,0,42,Cascade Routing,1,0.6921182266009852,0.000260462561576335,0.10574779999999201,0.027613203433245716,0.7927116999067322,406
mbpp,3,0,42,Cascade Routing,2,0.6970443349753694,0.00026451871921180295,0.107394599999992,0.028043221111286036,0.7927116999067322,406
mbpp,3,0,42,Cascade Routing,3,0.6970443349753694,0.00026451871921180295,0.107394599999992,0.028043221111286036,0.7927116999067322,406
mbpp,3,0,42,Cascade Routing,4,0.7192118226600985,0.00034132364532017044,0.1385773999999892,0.03618577348607021,0.7927116999067322,406
mbpp,3,0,42,Cascade Routing,5,0.7241379310344828,0.00036024679802953546,0.1462601999999914,0.03819193077101625,0.7927116999067322,406
mbpp,3,0,42,Cascade Routing,6,0.7266009852216748,0.0003953793103448054,0.160523999999991,0.041916539804311974,0.7927116999067322,406
mbpp,3,0,42,Cascade Routing,7,0.7266009852216748,0.0003953793103448054,0.160523999999991,0.041916539804311974,0.7927116999067322,406
mbpp,3,0,42,Cascade Routing,8,0.7266009852216748,0.0003953793103448054,0.160523999999991,0.041916539804311974,0.7927116999067322,406
mbpp,3,0,42,Cascade Routing,9,0.7266009852216748,0.0003953793103448054,0.160523999999991,0.041916539804311974,0.7927116999067322,406
mbpp,3,0,42,Cascade Routing,10,0.7266009852216748,0.00039603497536943596,0.160790199999991,0.04198605079890411,0.7927116999067322,406
mbpp,3,0,42,Cascade Routing,11,0.7635467980295566,0.000998748275862046,0.40549179999999063,0.10588331448894041,0.7927116999067322,406
mbpp,3,0,42,Cascade Routing,12,0.7684729064039408,0.001130166502463031,0.4588475999999906,0.1198157514733853,0.7927116999067322,406
mbpp,3,0,42,Cascade Routing,13,0.7906403940886699,0.002461709852216724,0.99945419999999,0.2609806742723126,0.7927116999067322,406
mbpp,3,0,42,Cascade Routing,14,0.8029556650246306,0.004030739408866967,1.6364801999999887,0.4273229388893361,0.7927116999067322,406
mbpp,3,0,42,Cascade Routing,15,0.8054187192118226,0.004328637931034454,1.7574269999999883,0.4589049537681357,0.7927116999067322,406
mbpp,3,0,42,Cascade Routing,16,0.8054187192118226,0.0059425694581280416,2.412683199999985,0.6300075464603413,0.7927116999067322,406
mbpp,3,0,42,Cascade Routing,17,0.8054187192118226,0.007043875369458093,2.859813399999986,0.7467636130049767,0.7927116999067322,406
mbpp,3,0,42,Cascade Routing,18,0.8054187192118226,0.007415778817733955,3.0108061999999856,0.7861913354101302,0.7927116999067322,406
mbpp,3,0,42,Cascade Routing,19,0.8054187192118226,0.007694366995073849,3.1239129999999826,0.8157261444376807,0.7927116999067322,406
mbpp,3,0,42,Best Single / Static,0,0.687192118226601,0.009432536945812798,3.8296099999999957,1.0,,406
mbpp,3,0,42,Oracle,0,0.8054187192118226,,,,,406
mbpp,5,0,42,Routing,0,0.3694581280788177,8.099113300492241e-05,0.0328823999999985,0.008586357357537329,0.779386092557694,406
mbpp,5,0,42,Routing,1,0.39901477832512317,8.470566502462561e-05,0.034390499999998,0.008980157248387704,0.779386092557694,406
mbpp,5,0,42,Routing,2,0.41379310344827586,8.66342364531968e-05,0.0351734999999979,0.009184616710317221,0.779386092557694,406
mbpp,5,0,42,Routing,3,0.5172413793103449,0.00010435246305417734,0.042367099999996,0.011063032528115408,0.779386092557694,406
mbpp,5,0,42,Routing,4,0.5394088669950738,0.00011320394088668868,0.045960799999995604,0.012001430955109176,0.779386092557694,406
mbpp,5,0,42,Routing,5,0.6379310344827587,0.00015779532019703028,0.06406489999999429,0.016728831395362548,0.779386092557694,406
mbpp,5,0,42,Routing,6,0.6699507389162561,0.00018434729064037932,0.074844999999994,0.019543765553148774,0.779386092557694,406
mbpp,5,0,42,Routing,7,0.687192118226601,0.00021224039408865444,0.0861695999999937,0.022500881290782558,0.779386092557694,406
mbpp,5,0,42,Routing,8,0.6896551724137931,0.0002149748768472749,0.08727979999999361,0.022790780262218268,0.779386092557694,406
mbpp,5,0,42,Routing,9,0.6896551724137931,0.0002149748768472749,0.08727979999999361,0.022790780262218268,0.779386092557694,406
mbpp,5,0,42,Routing,10,0.6896551724137931,0.0002149748768472749,0.08727979999999361,0.022790780262218268,0.779386092557694,406
mbpp,5,0,42,Routing,11,0.7044334975369458,0.00022900591133003325,0.0929763999999935,0.024278294656634385,0.779386092557694,406
mbpp,5,0,42,Routing,12,0.7167487684729064,0.00032320541871919654,0.1312213999999938,0.03426495126135401,0.779386092557694,406
mbpp,5,0,42,Routing,13,0.7167487684729064,0.00032320541871919654,0.1312213999999938,0.03426495126135401,0.779386092557694,406
mbpp,5,0,42,Routing,14,0.7167487684729064,0.00032320541871919654,0.1312213999999938,0.03426495126135401,0.779386092557694,406
mbpp,5,0,42,Routing,15,0.7167487684729064,0.00032320541871919654,0.1312213999999938,0.03426495126135401,0.779386092557694,406
mbpp,5,0,42,Routing,16,0.7167487684729064,0.00032320541871919654,0.1312213999999938,0.03426495126135401,0.779386092557694,406
mbpp,5,0,42,Routing,17,0.7167487684729064,0.00032320541871919654,0.1312213999999938,0.03426495126135401,0.779386092557694,406
mbpp,5,0,42,Routing,18,0.7167487684729064,0.00032320541871919654,0.1312213999999938,0.03426495126135401,0.779386092557694,406
mbpp,5,0,42,Routing,19,0.7167487684729064,0.00032320541871919654,0.1312213999999938,0.03426495126135401,0.779386092557694,406
mbpp,5,0,42,Routing,20,0.7167487684729064,0.00032320541871919654,0.1312213999999938,0.03426495126135401,0.779386092557694,406
mbpp,5,0,42,Routing,21,0.7758620689655172,0.0021647403940886567,0.8788845999999947,0.22949715506278592,0.779386092557694,406
mbpp,5,0,42,Routing,22,0.7881773399014779,0.0037919625615763443,1.5395367999999958,0.40200876851689793,0.779386092557694,406
mbpp,5,0,42,Routing,23,0.7955665024630542,0.004368700985221664,1.7736925999999957,0.46315227921380964,0.779386092557694,406
mbpp,5,0,42,Routing,24,0.7955665024630542,0.004368700985221664,1.7736925999999957,0.46315227921380964,0.779386092557694,406
mbpp,5,0,42,Routing,25,0.7955665024630542,0.004368700985221664,1.7736925999999957,0.46315227921380964,0.779386092557694,406
mbpp,5,0,42,Routing,26,0.7955665024630542,0.004368700985221664,1.7736925999999957,0.46315227921380964,0.779386092557694,406
mbpp,5,0,42,Routing,27,0.7955665024630542,0.004368700985221664,1.7736925999999957,0.46315227921380964,0.779386092557694,406
mbpp,5,0,42,Routing,28,0.7955665024630542,0.004368700985221664,1.7736925999999957,0.46315227921380964,0.779386092557694,406
mbpp,5,0,42,Routing,29,0.7955665024630542,0.004368700985221664,1.7736925999999957,0.46315227921380964,0.779386092557694,406
mbpp,5,0,42,Cascade,0,0.3694581280788177,8.099113300492241e-05,0.0328823999999985,0.008586357357537329,0.7588141520177679,406
mbpp,5,0,42,Cascade,1,0.4482758620689655,0.00018503940886698618,0.07512599999999639,0.01961714117103216,0.7588141520177679,406
mbpp,5,0,42,Cascade,2,0.5270935960591133,0.0003548448275861938,0.14406699999999467,0.03761923537905814,0.7588141520177679,406
mbpp,5,0,42,Cascade,3,0.5270935960591133,0.0003548448275861938,0.14406699999999467,0.03761923537905814,0.7588141520177679,406
mbpp,5,0,42,Cascade,4,0.5763546798029556,0.0004361295566502317,0.17706859999999408,0.04623671862147693,0.7588141520177679,406
mbpp,5,0,42,Cascade,5,0.5862068965517241,0.0004446280788177177,0.18051899999999338,0.04713769809458236,0.7588141520177679,406
mbpp,5,0,42,Cascade,6,0.6847290640394089,0.0005852871921182065,0.23762659999999186,0.06204981708319962,0.7588141520177679,406
mbpp,5,0,42,Cascade,7,0.6748768472906403,0.0008379231527093399,0.34019679999999203,0.08883327545102304,0.7588141520177679,406
mbpp,5,0,42,Cascade,8,0.6748768472906403,0.0008379231527093399,0.34019679999999203,0.08883327545102304,0.7588141520177679,406
mbpp,5,0,42,Cascade,9,0.6748768472906403,0.0008379231527093399,0.34019679999999203,0.08883327545102304,0.7588141520177679,406
mbpp,5,0,42,Cascade,10,0.6748768472906403,0.0008379231527093399,0.34019679999999203,0.08883327545102304,0.7588141520177679,406
mbpp,5,0,42,Cascade,11,0.6748768472906403,0.0008379231527093399,0.34019679999999203,0.08883327545102304,0.7588141520177679,406
mbpp,5,0,42,Cascade,12,0.6748768472906403,0.0008379231527093399,0.34019679999999203,0.08883327545102304,0.7588141520177679,406
mbpp,5,0,42,Cascade,13,0.6748768472906403,0.0008379231527093399,0.34019679999999203,0.08883327545102304,0.7588141520177679,406
mbpp,5,0,42,Cascade,14,0.6748768472906403,0.0008379231527093399,0.34019679999999203,0.08883327545102304,0.7588141520177679,406
mbpp,5,0,42,Cascade,15,0.5935960591133005,0.0012432187192118055,0.5047467999999931,0.13180109723966502,0.7588141520177679,406
mbpp,5,0,42,Cascade,16,0.5935960591133005,0.0012432187192118055,0.5047467999999931,0.13180109723966502,0.7588141520177679,406
mbpp,5,0,42,Cascade,17,0.6182266009852216,0.0012906788177339708,0.5240155999999921,0.13683262786549877,0.7588141520177679,406
mbpp,5,0,42,Cascade,18,0.6477832512315271,0.001652827093596038,0.6710477999999914,0.17522614574329817,0.7588141520177679,406
mbpp,5,0,42,Cascade,19,0.6477832512315271,0.001652827093596038,0.6710477999999914,0.17522614574329817,0.7588141520177679,406
mbpp,5,0,42,Cascade,20,0.6477832512315271,0.001652827093596038,0.6710477999999914,0.17522614574329817,0.7588141520177679,406
mbpp,5,0,42,Cascade,21,0.6477832512315271,0.001652827093596038,0.6710477999999914,0.17522614574329817,0.7588141520177679,406
mbpp,5,0,42,Cascade,22,0.7266009852216748,0.0018985625615763329,0.7708163999999912,0.2012780413671345,0.7588141520177679,406
mbpp,5,0,42,Cascade,23,0.8251231527093597,0.0043446773399014454,1.7639389999999868,0.46060538801600914,0.7588141520177679,406
mbpp,5,0,42,Cascade,24,0.8177339901477833,0.005821772906403903,2.3636397999999845,0.6172011771433611,0.7588141520177679,406
mbpp,5,0,42,Cascade,25,0.8177339901477833,0.005946878325123114,2.4144325999999845,0.6304643553782204,0.7588141520177679,406
mbpp,5,0,42,Cascade,26,0.8004926108374384,0.007188323152709319,2.9184591999999836,0.7620773916926231,0.7588141520177679,406
mbpp,5,0,42,Cascade,27,0.7733990147783252,0.008902867980295522,3.6145643999999817,0.943846605790142,0.7588141520177679,406
mbpp,5,0,42,Cascade,28,0.770935960591133,0.009191738916256112,3.731845999999982,0.9744715519334829,0.7588141520177679,406
mbpp,5,0,42,Cascade,29,0.770935960591133,0.009191738916256112,3.731845999999982,0.9744715519334829,0.7588141520177679,406
mbpp,5,0,42,Cascade Routing,0,0.3694581280788177,8.099113300492241e-05,0.0328823999999985,0.008586357357537329,0.8255461359691411,406
mbpp,5,0,42,Cascade Routing,1,0.39901477832512317,8.470566502462561e-05,0.034390499999998,0.008980157248387704,0.8255461359691411,406
mbpp,5,0,42,Cascade Routing,2,0.41379310344827586,8.66342364531968e-05,0.0351734999999979,0.009184616710317221,0.8255461359691411,406
mbpp,5,0,42,Cascade Routing,3,0.5369458128078818,0.0001097527093595958,0.0445595999999959,0.011635545133837634,0.8255461359691411,406
mbpp,5,0,42,Cascade Routing,4,0.5615763546798029,0.00012092364532018597,0.0490949999999955,0.012819843273857013,0.8255461359691411,406
mbpp,5,0,42,Cascade Routing,5,0.5960591133004927,0.00014638103448274753,0.0594306999999955,0.015518734283646522,0.8255461359691411,406
mbpp,5,0,42,Cascade Routing,6,0.6477832512315271,0.00017030738916254582,0.06914479999999361,0.018055311115229403,0.8255461359691411,406
mbpp,5,0,42,Cascade Routing,7,0.6847290640394089,0.0001895379310344665,0.0769523999999934,0.02009405657494979,0.8255461359691411,406
mbpp,5,0,42,Cascade Routing,8,0.7068965517241379,0.00022579532019702782,0.0916728999999933,0.023937920571544723,0.8255461359691411,406
mbpp,5,0,42,Cascade Routing,9,0.7167487684729064,0.000247226354679786,0.10037389999999312,0.026209953493957144,0.8255461359691411,406
mbpp,5,0,42,Cascade Routing,10,0.7167487684729064,0.000247226354679786,0.10037389999999312,0.026209953493957144,0.8255461359691411,406
mbpp,5,0,42,Cascade Routing,11,0.7315270935960592,0.0002718256157635286,0.11036119999999261,0.028817869182499713,0.8255461359691411,406
mbpp,5,0,42,Cascade Routing,12,0.7315270935960592,0.00028243866995072015,0.11467009999999238,0.029943022918780895,0.8255461359691411,406
mbpp,5,0,42,Cascade Routing,13,0.7364532019704434,0.0002970012315270741,0.1205824999999921,0.03148688769874536,0.8255461359691411,406
mbpp,5,0,42,Cascade Routing,14,0.7413793103448276,0.0003181775862068758,0.12918009999999158,0.0337319204827624,0.8255461359691411,406
mbpp,5,0,42,Cascade Routing,15,0.7733990147783252,0.0006565140394088433,0.2665446999999904,0.06960100375756034,0.8255461359691411,406
mbpp,5,0,42,Cascade Routing,16,0.7733990147783252,0.0006568110837438189,0.2666652999999905,0.06963249521491503,0.8255461359691411,406
mbpp,5,0,42,Cascade Routing,17,0.7733990147783252,0.0006579201970443112,0.26711559999999035,0.06975007898976414,0.8255461359691411,406
mbpp,5,0,42,Cascade Routing,18,0.7783251231527094,0.0006956007389162328,0.2824138999999905,0.0737448199686106,0.8255461359691411,406
mbpp,5,0,42,Cascade Routing,19,0.7783251231527094,0.0006960253694581047,0.2825862999999905,0.07378983760748244,0.8255461359691411,406
mbpp,5,0,42,Cascade Routing,20,0.7783251231527094,0.0006996554187191879,0.28406009999999027,0.07417468097273366,0.8255461359691411,406
mbpp,5,0,42,Cascade Routing,21,0.8177339901477833,0.0016160497536945556,0.6561161999999896,0.1713271586401723,0.8255461359691411,406
mbpp,5,0,42,Cascade Routing,22,0.8275862068965517,0.0024088534482758356,0.9779944999999892,0.25537704883786866,0.8255461359691411,406
mbpp,5,0,42,Cascade Routing,23,0.8300492610837439,0.002937980049261055,1.1928198999999884,0.311472943720115,0.8255461359691411,406
mbpp,5,0,42,Cascade Routing,24,0.8349753694581281,0.0034375837438423364,1.3956589999999887,0.36443893764638957,0.8255461359691411,406
mbpp,5,0,42,Cascade Routing,25,0.8399014778325123,0.00472042093596056,1.9164908999999875,0.5004402275949743,0.8255461359691411,406
mbpp,5,0,42,Cascade Routing,26,0.8423645320197044,0.006174517241379276,2.506853999999986,0.6545977266614587,0.8255461359691411,406
mbpp,5,0,42,Cascade Routing,27,0.8423645320197044,0.007102409605911289,2.883578299999983,0.7529691796292537,0.8255461359691411,406
mbpp,5,0,42,Cascade Routing,28,0.8399014778325123,0.008856718719211782,3.5958277999999835,0.9389540449288536,0.8255461359691411,406
mbpp,5,0,42,Cascade Routing,29,0.8399014778325123,0.009639268965517197,3.913543199999982,1.021916905376784,0.8255461359691411,406
mbpp,5,0,42,Best Single / Static,0,0.687192118226601,0.009432536945812798,3.8296099999999957,1.0,,406
mbpp,5,0,42,Oracle,0,0.8423645320197044,,,,,406
mbpp,11,0,42,Routing,0,0.3891625615763547,5.400220689655049e-05,0.0219248959999995,0.0057250989004101,0.8161403466646919,406
mbpp,11,0,42,Routing,1,0.5123152709359606,7.178361576354508e-05,0.0291441479999993,0.007610213050414881,0.8161403466646919,406
mbpp,11,0,42,Routing,2,0.5591133004926109,8.148149753694285e-05,0.0330814879999988,0.008638343852245746,0.8161403466646919,406
mbpp,11,0,42,Routing,3,0.6009852216748769,0.00010140963546797486,0.041172311999997796,0.010751045667835064,0.8161403466646919,406
mbpp,11,0,42,Routing,4,0.645320197044335,0.00011698176354679114,0.047494595999997204,0.012401940667586844,0.8161403466646919,406
mbpp,11,0,42,Routing,5,0.645320197044335,0.00011698176354679114,0.047494595999997204,0.012401940667586844,0.8161403466646919,406
mbpp,11,0,42,Routing,6,0.7118226600985221,0.00015581745812806922,0.0632618879999961,0.016519146336048885,0.8161403466646919,406
mbpp,11,0,42,Routing,7,0.7339901477832512,0.00017268482758619753,0.0701100399999962,0.018307357668273343,0.8161403466646919,406
mbpp,11,0,42,Routing,8,0.7413793103448276,0.00018112433497535915,0.07353647999999581,0.019202080629619176,0.8161403466646919,406
mbpp,11,0,42,Routing,9,0.7512315270935961,0.00019589033497535884,0.07953147599999569,0.0207675131410237,0.8161403466646919,406
mbpp,11,0,42,Routing,10,0.7512315270935961,0.00019589033497535884,0.07953147599999569,0.0207675131410237,0.8161403466646919,406
mbpp,11,0,42,Routing,11,0.7512315270935961,0.00019648614778324064,0.0797733759999957,0.020830678841969753,0.8161403466646919,406
mbpp,11,0,42,Routing,12,0.7561576354679803,0.00021572512315269854,0.08758439999999561,0.022870318387510923,0.8161403466646919,406
mbpp,11,0,42,Routing,13,0.7561576354679803,0.00021572512315269854,0.08758439999999561,0.022870318387510923,0.8161403466646919,406
mbpp,11,0,42,Routing,14,0.7561576354679803,0.00021572512315269854,0.08758439999999561,0.022870318387510923,0.8161403466646919,406
mbpp,11,0,42,Routing,15,0.7561576354679803,0.00021572512315269854,0.08758439999999561,0.022870318387510923,0.8161403466646919,406
mbpp,11,0,42,Routing,16,0.7561576354679803,0.00021572512315269854,0.08758439999999561,0.022870318387510923,0.8161403466646919,406
mbpp,11,0,42,Routing,17,0.7733990147783252,0.00023630866995072685,0.0959413199999951,0.025052504040880195,0.8161403466646919,406
mbpp,11,0,42,Routing,18,0.7733990147783252,0.00023630866995072685,0.0959413199999951,0.025052504040880195,0.8161403466646919,406
mbpp,11,0,42,Routing,19,0.7733990147783252,0.00023630866995072685,0.0959413199999951,0.025052504040880195,0.8161403466646919,406
mbpp,11,0,42,Routing,20,0.7733990147783252,0.00023630866995072685,0.0959413199999951,0.025052504040880195,0.8161403466646919,406
mbpp,11,0,42,Routing,21,0.7733990147783252,0.00023944118226599775,0.09721311999999509,0.025384600520678396,0.8161403466646919,406
mbpp,11,0,42,Routing,22,0.7783251231527094,0.00025708584236451895,0.10437685199999469,0.027255217110879387,0.8161403466646919,406
mbpp,11,0,42,Routing,23,0.7807881773399015,0.0002650137241379182,0.1075955719999948,0.028095699562095074,0.8161403466646919,406
mbpp,11,0,42,Routing,24,0.7832512315270936,0.0002911983152709229,0.1182265159999947,0.030871685628561348,0.8161403466646919,406
mbpp,11,0,42,Routing,25,0.7832512315270936,0.0002911983152709229,0.1182265159999947,0.030871685628561348,0.8161403466646919,406
mbpp,11,0,42,Routing,26,0.770935960591133,0.0003379029753694453,0.1371886079999948,0.03582312768140749,0.8161403466646919,406
mbpp,11,0,42,Routing,27,0.7881773399014779,0.0003937341970443229,0.1598560839999951,0.041742131444192816,0.8161403466646919,406
mbpp,11,0,42,Routing,28,0.7881773399014779,0.0003937341970443229,0.1598560839999951,0.041742131444192816,0.8161403466646919,406
mbpp,11,0,42,Routing,29,0.7881773399014779,0.0003937341970443229,0.1598560839999951,0.041742131444192816,0.8161403466646919,406
mbpp,11,0,42,Routing,30,0.7881773399014779,0.0003937341970443229,0.1598560839999951,0.041742131444192816,0.8161403466646919,406
mbpp,11,0,42,Routing,31,0.8201970443349754,0.002401598620689643,0.975049039999995,0.2546079209110056,0.8161403466646919,406
mbpp,11,0,42,Routing,32,0.8177339901477833,0.002448729517241367,0.9941841839999951,0.25960455085504686,0.8161403466646919,406
mbpp,11,0,42,Routing,33,0.8251231527093597,0.0032058418128078693,1.301571775999995,0.33987058107744555,0.8161403466646919,406
mbpp,11,0,42,Routing,34,0.8251231527093597,0.0032058418128078693,1.301571775999995,0.33987058107744555,0.8161403466646919,406
mbpp,11,0,42,Routing,35,0.8251231527093597,0.0032058418128078693,1.301571775999995,0.33987058107744555,0.8161403466646919,406
mbpp,11,0,42,Routing,36,0.8251231527093597,0.0032058418128078693,1.301571775999995,0.33987058107744555,0.8161403466646919,406
mbpp,11,0,42,Routing,37,0.8251231527093597,0.0032058418128078693,1.301571775999995,0.33987058107744555,0.8161403466646919,406
mbpp,11,0,42,Routing,38,0.8251231527093597,0.0032058418128078693,1.301571775999995,0.33987058107744555,0.8161403466646919,406
mbpp,11,0,42,Routing,39,0.8251231527093597,0.0032058418128078693,1.301571775999995,0.33987058107744555,0.8161403466646919,406
mbpp,11,0,42,Cascade,0,0.35960591133004927,5.8847290640392864e-05,0.023891999999999504,0.00623875538240174,0.7978708923973397,406
mbpp,11,0,42,Cascade,1,0.4433497536945813,0.00010644741871920615,0.0432176519999977,0.011285131384135132,0.7978708923973397,406
mbpp,11,0,42,Cascade,2,0.5270935960591133,0.00017859001970442316,0.0725075479999958,0.01893340261802008,0.7978708923973397,406
mbpp,11,0,42,Cascade,3,0.6108374384236454,0.0002085690837438281,0.0846790479999942,0.022111663589763526,0.7978708923973397,406
mbpp,11,0,42,Cascade,4,0.6108374384236454,0.0002085690837438281,0.0846790479999942,0.022111663589763526,0.7978708923973397,406
mbpp,11,0,42,Cascade,5,0.6108374384236454,0.0002085690837438281,0.0846790479999942,0.022111663589763526,0.7978708923973397,406
mbpp,11,0,42,Cascade,6,0.6108374384236454,0.0002085690837438281,0.0846790479999942,0.022111663589763526,0.7978708923973397,406
mbpp,11,0,42,Cascade,7,0.6108374384236454,0.0002085690837438281,0.0846790479999942,0.022111663589763526,0.7978708923973397,406
mbpp,11,0,42,Cascade,8,0.6108374384236454,0.0002085690837438281,0.0846790479999942,0.022111663589763526,0.7978708923973397,406
mbpp,11,0,42,Cascade,9,0.6108374384236454,0.0002085690837438281,0.0846790479999942,0.022111663589763526,0.7978708923973397,406
mbpp,11,0,42,Cascade,10,0.5615763546798029,0.00023669220689654012,0.09609703599999529,0.025093165100361497,0.7978708923973397,406
mbpp,11,0,42,Cascade,11,0.5615763546798029,0.00023669220689654012,0.09609703599999529,0.025093165100361497,0.7978708923973397,406
mbpp,11,0,42,Cascade,12,0.47783251231527096,0.0002447971034482687,0.0993876239999971,0.025952413953378335,0.7978708923973397,406
mbpp,11,0,42,Cascade,13,0.5812807881773399,0.0002582861576354532,0.10486417999999399,0.027382469755404364,0.7978708923973397,406
mbpp,11,0,42,Cascade,14,0.5960591133004927,0.00026726468965515814,0.10850946399999421,0.028334337961305283,0.7978708923973397,406
mbpp,11,0,42,Cascade,15,0.5886699507389163,0.0004395503251231352,0.1784574319999929,0.04659937487106862,0.7978708923973397,406
mbpp,11,0,42,Cascade,16,0.5886699507389163,0.0004395503251231352,0.1784574319999929,0.04659937487106862,0.7978708923973397,406
mbpp,11,0,42,Cascade,17,0.5886699507389163,0.0004395503251231352,0.1784574319999929,0.04659937487106862,0.7978708923973397,406
mbpp,11,0,42,Cascade,18,0.5886699507389163,0.0004395503251231352,0.1784574319999929,0.04659937487106862,0.7978708923973397,406
mbpp,11,0,42,Cascade,19,0.7241379310344828,0.000665733842364502,0.2702879399999878,0.07057845054718055,0.7978708923973397,406
mbpp,11,0,42,Cascade,20,0.7241379310344828,0.000665733842364502,0.2702879399999878,0.07057845054718055,0.7978708923973397,406
mbpp,11,0,42,Cascade,21,0.7241379310344828,0.000665733842364502,0.2702879399999878,0.07057845054718055,0.7978708923973397,406
mbpp,11,0,42,Cascade,22,0.7241379310344828,0.000665733842364502,0.2702879399999878,0.07057845054718055,0.7978708923973397,406
mbpp,11,0,42,Cascade,23,0.5862068965517241,0.0007171650541871778,0.2911690119999942,0.07603098278936876,0.7978708923973397,406
mbpp,11,0,42,Cascade,24,0.6822660098522167,0.0007579265714285505,0.3077181879999915,0.08035235650627397,0.7978708923973397,406
mbpp,11,0,42,Cascade,25,0.6822660098522167,0.0007579265714285505,0.3077181879999915,0.08035235650627397,0.7978708923973397,406
mbpp,11,0,42,Cascade,26,0.6822660098522167,0.0007579265714285505,0.3077181879999915,0.08035235650627397,0.7978708923973397,406
mbpp,11,0,42,Cascade,27,0.6822660098522167,0.0007579265714285505,0.3077181879999915,0.08035235650627397,0.7978708923973397,406
mbpp,11,0,42,Cascade,28,0.5960591133004927,0.0011196209655172235,0.45456611199999275,0.11869775564613451,0.7978708923973397,406
mbpp,11,0,42,Cascade,29,0.7758620689655172,0.00112230304433494,0.4556550359999857,0.11898209896046494,0.7978708923973397,406
mbpp,11,0,42,Cascade,30,0.7758620689655172,0.00112230304433494,0.4556550359999857,0.11898209896046494,0.7978708923973397,406
mbpp,11,0,42,Cascade,31,0.7758620689655172,0.00112230304433494,0.4556550359999857,0.11898209896046494,0.7978708923973397,406
mbpp,11,0,42,Cascade,32,0.7758620689655172,0.00112230304433494,0.4556550359999857,0.11898209896046494,0.7978708923973397,406
mbpp,11,0,42,Cascade,33,0.7586206896551724,0.0012355544137930734,0.5016350919999878,0.13098855810382476,0.7978708923973397,406
mbpp,11,0,42,Cascade,34,0.7413793103448276,0.001505248177339874,0.6111307599999888,0.1595804168048416,0.7978708923973397,406
mbpp,11,0,42,Cascade,35,0.8004926108374384,0.0026695533990147443,1.0838386799999862,0.2830154193246799,0.7978708923973397,406
mbpp,11,0,42,Cascade,36,0.8078817733990148,0.0031016244827585856,1.2592595399999857,0.32882187481231434,0.7978708923973397,406
mbpp,11,0,42,Cascade,37,0.8423645320197044,0.004244486857142816,1.7232616639999834,0.4499835920628955,0.7978708923973397,406
mbpp,11,0,42,Cascade,38,0.8423645320197044,0.004460227999999957,1.8108525679999825,0.4728556087956696,0.7978708923973397,406
mbpp,11,0,42,Cascade,39,0.8399014778325123,0.005194472403940834,2.1089557959999787,0.5506972762239447,0.7978708923973397,406
mbpp,11,0,42,Cascade Routing,0,0.3891625615763547,5.400220689655049e-05,0.0219248959999995,0.0057250989004101,0.8478951389238008,406
mbpp,11,0,42,Cascade Routing,1,0.49014778325123154,6.878059113300346e-05,0.027924919999999402,0.007291844339240662,0.8478951389238008,406
mbpp,11,0,42,Cascade Routing,2,0.5320197044334976,7.90903251231505e-05,0.032110671999999105,0.008384841276265504,0.8478951389238008,406
mbpp,11,0,42,Cascade Routing,3,0.6354679802955665,0.00011850854187191553,0.048114467999997704,0.01256380362491161,0.8478951389238008,406
mbpp,11,0,42,Cascade Routing,4,0.6354679802955665,0.00011863695566501896,0.0481666039999977,0.012577417543822411,0.8478951389238008,406
mbpp,11,0,42,Cascade Routing,5,0.6551724137931034,0.00013343609852216085,0.05417505599999731,0.01414636372894299,0.8478951389238008,406
mbpp,11,0,42,Cascade Routing,6,0.6995073891625616,0.0001467655467980209,0.059586811999996485,0.015559498747913379,0.8478951389238008,406
mbpp,11,0,42,Cascade Routing,7,0.6995073891625616,0.00014749514285713423,0.059883027999996494,0.015636847616336012,0.8478951389238008,406
mbpp,11,0,42,Cascade Routing,8,0.6995073891625616,0.00014958202955664163,0.0607303039999965,0.015858091032767453,0.8478951389238008,406
mbpp,11,0,42,Cascade Routing,9,0.7142857142857143,0.00015378308374383324,0.062435931999996294,0.016303470066141555,0.8478951389238008,406
mbpp,11,0,42,Cascade Routing,10,0.7142857142857143,0.00015378308374383324,0.062435931999996294,0.016303470066141555,0.8478951389238008,406
mbpp,11,0,42,Cascade Routing,11,0.7561576354679803,0.00020780697536944753,0.0843696319999957,0.022030867895163158,0.8478951389238008,406
mbpp,11,0,42,Cascade Routing,12,0.7807881773399015,0.00023873514285713203,0.0969264679999956,0.025309749034495864,0.8478951389238008,406
mbpp,11,0,42,Cascade Routing,13,0.7807881773399015,0.00023885427586205812,0.0969748359999956,0.025322379041206728,0.8478951389238008,406
mbpp,11,0,42,Cascade Routing,14,0.7807881773399015,0.00024464905418718175,0.09932751599999579,0.02593671836035416,0.8478951389238008,406
mbpp,11,0,42,Cascade Routing,15,0.7906403940886699,0.00024588905418717976,0.09983095599999497,0.02606817822180198,0.8478951389238008,406
mbpp,11,0,42,Cascade Routing,16,0.7906403940886699,0.0002459878226600862,0.09987105599999499,0.026078649261934008,0.8478951389238008,406
mbpp,11,0,42,Cascade Routing,17,0.7906403940886699,0.0002459878226600862,0.09987105599999499,0.026078649261934008,0.8478951389238008,406
mbpp,11,0,42,Cascade Routing,18,0.7906403940886699,0.0002459878226600862,0.09987105599999499,0.026078649261934008,0.8478951389238008,406
mbpp,11,0,42,Cascade Routing,19,0.7906403940886699,0.0002460508768472783,0.09989665599999499,0.026085334015734006,0.8478951389238008,406
mbpp,11,0,42,Cascade Routing,20,0.7931034482758621,0.0002600166896551591,0.1055667759999946,0.027565933867938174,0.8478951389238008,406
mbpp,11,0,42,Cascade Routing,21,0.7684729064039408,0.0002843001477832404,0.1154258599999956,0.030140369384870976,0.8478951389238008,406
mbpp,11,0,42,Cascade Routing,22,0.8054187192118226,0.00030822833497535417,0.1251407039999938,0.032677140492111185,0.8478951389238008,406
mbpp,11,0,42,Cascade Routing,23,0.8054187192118226,0.00030923743842363005,0.1255503999999938,0.03278412162073786,0.8478951389238008,406
mbpp,11,0,42,Cascade Routing,24,0.8054187192118226,0.0003156576748768317,0.12815701599999368,0.03346476951961004,0.8478951389238008,406
mbpp,11,0,42,Cascade Routing,25,0.8078817733990148,0.00032973233497535367,0.1338713279999936,0.03495690892806153,0.8478951389238008,406
mbpp,11,0,42,Cascade Routing,26,0.8103448275862069,0.000347734305418702,0.141180127999993,0.03686540613796004,0.8478951389238008,406
mbpp,11,0,42,Cascade Routing,27,0.8103448275862069,0.0003483845517241209,0.1414441279999931,0.03693434266152251,0.8478951389238008,406
mbpp,11,0,42,Cascade Routing,28,0.8103448275862069,0.00035607542857141156,0.1445666239999931,0.037749698794392446,0.8478951389238008,406
mbpp,11,0,42,Cascade Routing,29,0.8103448275862069,0.00035985352709357927,0.14610053199999318,0.03815023775266759,0.8478951389238008,406
mbpp,11,0,42,Cascade Routing,30,0.8103448275862069,0.000359933773398998,0.14613311199999318,0.03815874514637087,0.8478951389238008,406
mbpp,11,0,42,Cascade Routing,31,0.8399014778325123,0.001537997261083713,0.6244268879999875,0.1630523442334828,0.8478951389238008,406
mbpp,11,0,42,Cascade Routing,32,0.8497536945812808,0.002826331990147748,1.1474907879999858,0.29963646115400444,0.8478951389238008,406
mbpp,11,0,42,Cascade Routing,33,0.854679802955665,0.004323429300492574,1.755312295999985,0.4583527555025151,0.8478951389238008,406
mbpp,11,0,42,Cascade Routing,34,0.854679802955665,0.005405227970443308,2.194522555999983,0.573040742007668,0.8478951389238008,406
mbpp,11,0,42,Cascade Routing,35,0.8620689655172413,0.005637007477832472,2.2886250359999836,0.5976130822720814,0.8478951389238008,406
mbpp,11,0,42,Cascade Routing,36,0.8620689655172413,0.007323137241379268,2.9731937199999825,0.7763698444489089,0.8478951389238008,406
mbpp,11,0,42,Cascade Routing,37,0.8669950738916257,0.008346513507389115,3.3886844839999806,0.884864120367344,0.8478951389238008,406
mbpp,11,0,42,Cascade Routing,38,0.8620689655172413,0.00911982552709354,3.7026491639999772,0.9668475808241521,0.8478951389238008,406
mbpp,11,0,42,Cascade Routing,39,0.8620689655172413,0.009342607241379258,3.7930985399999786,0.9904660108992777,0.8478951389238008,406
mbpp,11,0,42,Best Single / Static,0,0.687192118226601,0.009432536945812798,3.8296099999999957,1.0,,406
mbpp,11,0,42,Oracle,0,0.8694581280788177,,,,,406
