ID,实验名称,实验类型,研究问题,数据集/面板,N,Seeds,方法,输入信号,指标,最终记录数字/审计读出,统计结果,是否部署可用,支持的结论,不能支持的结论,第四章位置,来源文件,commit,审计状态,结果资格
E01,阶段能力画像,条件节点评估,RQ1,fresh_static_confirmation,100,任务冻结；非故障重复,medium/large/coder,节点类型；条件输入含gold facts,节点Q,493主要节点；抽取0.3731/0.5959/0.3782；推理0.19/0.15/0.17；验证0.52/0.455/0.59,原RESULTS有bootstrap,仅画像；条件输入不可当运行时真值,阶段能力异质性,不能将gold条件画像视为端到端部署质量,4.2.1,static_dag_v0/fresh_static_confirmation/RESULTS.json,25d7008,2026-09-27裁决：PENDING；与旧稿推理0.31/0.25/0.31冲突；以对应面板说明,PENDING
E02,查询与节点路由,冻结留出节点评估,RQ1,fresh100,100,非故障seed,QueryRouter/FrozenNodeRouter/TypePrior,冻结特征与节点类型,Q/tokens/service latency,当前RESULTS Q=0.444219/0.513185；差6.8966pp；tokens4985.33/4856.43；L10.1852/7.7872,"差值CI[3.4343,10.4841]pp；Node-TypePrior CI[-0.8,1.2]pp",路由特征可部署；评价为条件节点表,阶段粒度收益,不可混用0.4665/0.5355旧口径或宣称端到端优势,4.2.2,static_dag_v0/fresh_static_confirmation/RESULTS.json;static_dag_v0/node_router_ablation/RESULTS.json,25d7008;aeeabc8,2026-09-27裁决：PENDING；汇总已核；旧节点质量口径须统一,PENDING
E03,严格配对分解,结构与模型分工对照,RQ1,MultiHiertt100+TAT-QA200,300,配对bootstrap见协议,Mono-L/DAG-L-L/DAG-L-M,任务原始输入/抽取结果,Q/C/L,MH11/17/15%；TAT52.5/31.5/40%；总体38.67/26.67/31.67%,"TAT分解差-21pp CI[-28.5,-13.5]；异构+8.5pp CI[3.5,13.5]",固定策略可执行,分解非免费；分工与结构有耦合,不能将异构收益当分解净收益,4.2.1,static_dag_v0/decomposition_benchmark/paired_run/RESULTS.json,25e18e9,2026-09-27裁决：VALIDATED；可引用对应冻结面板；VALIDATED限已核验的汇总、面板及统计口径，不宣称完成所有底层执行路径审计,VALIDATED
E04,Selective-DAG OOF,入口门控,RQ1/RQ3,MH100+TAT200,300,5折task-level；20260921,Mono/DAG二选一,声明12执行前特征；LR tau0.5,Q/coverage/Help-Harm,Selective42%；Mono38.67%；Forced31.67%；覆盖40.7%；TAT子集56%；MH14%,"记录CI[-0.3,7.0]pp；Help/Harm20/10；记录p.1975与精确计算.098737冲突",待补门控脚本/OOF逐题预测；不能完成无泄漏确认,记录给出正向选择趋势,不能视为state-grid结果或显著优势,4.4.2独立入口门控表,static_dag_v0/decomposition_benchmark/selective_dag_oof_confirmation.json,b039801,2026-09-27裁决：PENDING；待核；统计不一致且缺OOF审计链,PENDING
E05,入口门控基线横向比较,选择规则比较,RQ3,MH100+TAT200,300,随机规则与fold细节未落盘,Random/Accuracy/Cost/Weighted/Selective,门控特征与训练标签须补,Q/C/L,"horizontal:Random.313333,C2058.48,L2.93518；Q-only=C-only .386667,C1737.29,L2.62839；WS.75 .406667,C1813.033,L2.77502；Selective.42,C2015.23,L2.94128","另一multi_objective文件Random.28；WS成本1820.617,L2.80112",未完成基线公平性/随机性审计,存在两份不同汇总,不能择优拼表；不等于Pareto Scheduler,4.4.2入口表或附录,static_dag_v0/decomposition_benchmark/horizontal_comparison.json;static_dag_v0/decomposition_benchmark/multi_objective_comparison.json,675049d;f16f41e,2026-09-27裁决：PENDING；冻结待核,PENDING
E06,所谓Workflow Scheduler56%,来源审计,RQ1,TAT-QA子集,200,OOF声明未复核,horizontal group2,未找到生成脚本,Q/C/L,Mono-M32.5/Mono-L52.5/Query38.5/Node40/Workflow56%；Workflow C/L与Mono完全相同,56%恰等于Selective OOF TAT子集；非独立实验,未确认,找到数字的汇总出处,不能独立声称工作流调度56%或粒度普遍递增,4.2.2暂不放56%,static_dag_v0/decomposition_benchmark/horizontal_comparison.json;static_dag_v0/decomposition_benchmark/selective_dag_oof_confirmation.json,675049d;b039801,2026-09-27裁决：EXCLUDED；待脚本/特征/fold/成本归属确认,EXCLUDED
E07,主故障鲁棒性,开发面板,RQ2,TAT-QA120,120,20260923/24/25,Single/Static/Dynamic,故障注入；解析执行一致性；运行gold分支须审计,Q/退化/恢复,Clean .55/.35/.40；f10 .4972/.3250/.4056；f20 .4389/.3056/.4111；f30 .3639/.2861/.4056,总体SD详总账正文；f30差+4.17±1.80pp；非统计确证,Dynamic运行gold早退分支待核,修正工件质量保持趋势,不能写显著反超；不能无条件称纯部署反馈,4.3.1,static_dag_v0/adaptive_benchmark/MULTI_SEED_REPORT.md;static_dag_v0/adaptive_benchmark/CORRECTION_NOTE_2.md;static_dag_v0/benchmark_run.py;static_dag_v0/multi_seed_run.py,d02aad6;d02aad6;ee4ded5;d02aad6,2026-09-27裁决：PENDING；数字修正已确认；部署解释有阻断项,PENDING
E08,主面板Help/Harm,配对方向,RQ2,TAT120,120,单seed20260923；3个故障率,Dynamic vs Static,配对结果,Help/Harm/McNemar,"f10/20/30:11/0,14/0,17/0",p .000977/.000122/.000015,依赖E07,该单种子未观察伤害,不能三种子池化；不能推广Frozen零伤害,4.3.1/4.3.3,static_dag_v0/adaptive_benchmark/fault_p10/FAULT_RESULT.json;static_dag_v0/adaptive_benchmark/fault_p20/FAULT_RESULT.json;static_dag_v0/adaptive_benchmark/fault_p30/FAULT_RESULT.json,ee4ded5;ee4ded5;ee4ded5,2026-09-27裁决：PENDING；记录来源明确；依赖E07,PENDING
E09,局部恢复与整图重放,修正既有执行重分析,RQ2,四节点120,120,非独立新面板；bootstrap10000,RD vs FG,相同检测/恢复目标；范围不同,Q/tokens/适配调用/L,"V阶段重分析：RD Q.366667,C2351.083,calls320,L6.749260；FG Q.333333,C3506.758,calls644,L10.945334；节省32.96%/50.31%/38.34%",RD-FG +3.333pp；Help/Harm4/0；精确McNemar p.125；旧CI作废，未重算新CI,RD部署规则须随执行审计；重分析本身非部署算法,局部执行资源收益；质量差不显著,不是独立确认；不可复用旧p/CI；非等价/非劣；适配调用不是总调用,4.3.2,paper_method_feedback_aware_dag/chapter4_audit_20260926/recovery_reanalysis/CORRECTED_ARMS.json;static_dag_v0/corrected_replay.py,未提交审计输出/工作区修复；历史源参照ee4ded5,CORRECTED，仅V阶段既有轨迹重分析；原40%/37.5%与31%/48%/35%为INVALIDATED,CORRECTED
E10,恢复目标与决策归因,消融,RQ2,四节点120,120,同E09,fallback/SM/Ideal/Real,Ideal含理想检测,Q/C/L,Q39.17/41.67/42.50/40%；Ideal-SM0.83pp,SM-fallback p.453；Ideal-fallback p.388,Ideal不可部署,恢复目标和选择规则应分开解释,不构成显著逐组件收益链,4.3.2,static_dag_v0/corrected_replay/CORRECTED_REPORT.md,ee4ded5,2026-09-27裁决：PENDING；已修正,PENDING
E11,Detection F1/归因/Verifier,节点机制诊断,RQ2/RQ5,初始节点与78错误任务,120,主要seed23故障诊断,Detector/DV,解析/可执行性/一致性,P/R/F1/repair/Q/C,"e F1.930；r执行1；语义r召回0；v F1.776；DV Q.4不变,C2324→2727,L6.69→7.06；34触发28错误7修复","DV Help/Harm1/1,p1；检出不等于净恢复",信号可部署；DV执行gold分支见风险,可诊断性不等于可修复性,不能说Verifier无用；各计数分母不同,4.3.3,static_dag_v0/corrected_replay/CORRECTED_REPORT.md;static_dag_v0/adaptive_benchmark/RECOVERY_ATTRIBUTION.md;static_dag_v0/adaptive_benchmark/verifier_ablation/SUBSET_REPORT.md,ee4ded5;ee4ded5;ee4ded5,2026-09-27裁决：PENDING；数字可追溯；方法作用范围待核,PENDING
E12,Frozen200主结果,独立任务确认意图,RQ2/RQ3,frozen200（不是frozen_eval）,200,20260923/24/25；仅f30,Single/Static/Dynamic,同运行反馈规则；有gold早退和复用键问题,Q/C/L/Help-Harm,Clean.55/.335/.415；f30.396667/.293333/.403333；样本SD.017559/.027538/.002887,"Dynamic-Single逐seed p.8776/.5758/.7660；Dynamic-Static18/1,23/1,28/1",执行完整性待确认,存储工件未显示显著反超；质量均值可复算,不能直接认定同协议独立复现或部署安全,4.3.3,static_dag_v0/frozen200/FROZEN200_RESULTS.json;static_dag_v0/frozen200/FROZEN200_POLICY.json;static_dag_v0/frozen200_run.py,4d4c9ee;ddc5461;4d4c9ee,2026-09-27裁决：PENDING；记录复核通过；有效性有阻断项；47d30c0仅改费用，使用2×clean平均值并非2×逐任务clean；不解除gold/cache阻断,PENDING
E13,Frozen分层诊断,事后子集,RQ2/RQ5,Frozen seed23,200,分层31/79/90仅seed23,Single/Dynamic,gold用于事后分层,恢复/损害,31受损恢复15；79存活Dynamic59正确即20损害；90clean错误Dynamic7正确；Hard79/Easy121,15/31=48.4%；20/79=25.3%；不是28/79,分层不可用作部署输入,策略差异中的收益与损害并存,不能直接归因为某次恢复动作因果损害,4.3.3,static_dag_v0/frozen200/FROZEN200_RESULTS.json;static_dag_v0/frozen200/FROZEN200_DIAGNOSTIC.md,4d4c9ee;a8b2d06,2026-09-27裁决：PENDING；记录已复算；原诊断有笔误；依赖E12,PENDING
E14,选择性调度oracle,事后任务级上界,RQ3,Frozen,200,seed23；另列全部seed审计值,Single/Dynamic成功集合并集,任务完成后知道两臂成败,OracleQ/gap,旧轨迹seed23并集.505，同seed+11.0/+10.0pp；三seed并集.505/.520/.520，均值.515、样本SD.008660；等待修复后重算,原10.8/10.2pp混seed23上界与三seed基线,否,有限池任务级互补机会,不是scheduler实绩；非全空间理论界,4.3.3独立段,static_dag_v0/frozen200/FROZEN200_RESULTS.json;static_dag_v0/frozen200/FROZEN200_DIAGNOSTIC.md,4d4c9ee;a8b2d06,2026-09-27裁决：PENDING；算术可复核；不能替换为新实验；依赖E12,PENDING
E15,Pareto/HV/Budget,冻结轨迹多目标重分析,RQ3,开发120,120,3seed；HV均值；预算sampleSD,Single/Static/Dynamic/cleanFG,预算B；已测故障率,QCL/HV/Q(B),"f30 S.3639,D.4056；D独占HV3D.0003/2D.0038；B2500 S.364,D.328；B3000 S.364,D.375",经验有限池；无连续边界估计,预算是事后指标,经验非支配关系与预算偏好改变,不代表Dynamic最高HV或在线硬预算,4.4.1,static_dag_v0/adaptive_benchmark/MULTIOBJECTIVE_TRADEOFF.json,d02aad6,2026-09-27裁决：PENDING；修正口径；依赖执行有效性,PENDING
E16,Pareto-aware Scheduler,状态级策略选择,RQ3,120题×32状态,120,3-fold跨seed，非跨任务,Random/Cost/Accuracy/Pareto/StateOracle,已知真实注入率p与B；2seed校准,gridQ(B)/成本,Random.2385；Cost=Accuracy=Selector.4234；固定Dynamic.1303；Oracle.4239；selector成本938.6为B3000口径,f30B3000 selector.3639<fixedDynamic.375；未见显著优势检验,规则可实现；p误差未评估；底层执行待核,候选池状态选择机制；避免盲目Dynamic低预算损失,不能逐点不劣所有固定；非新任务泛化；成本非grid平均,4.4.2主表,static_dag_v0/adaptive_benchmark/PARETO_SCHEDULER.json;static_dag_v0/pareto_scheduler.py,d02aad6;d02aad6,2026-09-27裁决：PENDING；已复算反例；关键主张须撤回,PENDING
E17,Weighted/state/pool消融,Scheduler验证,RQ3,32状态与clean嵌套池,120,3fold跨seed,WS .25/.50/.75;无故障/无预算;P3/P5/P8,"p,B与校准均值",Q(B)/HV,各WS=.4234；full=no_failure=.4234；no_budget=.3718；f30低B无预算=0；P3/P5/P8 clean前沿1,E2 selector tokens935.3是校准成本；另一938.6是留出成本,同E16,预算信息影响；当前权重未区分策略,不能验证故障输入独立增益或权重方法普遍无效,4.4.2/附录,static_dag_v0/adaptive_benchmark/SCHEDULER_EXPERIMENTS.json;static_dag_v0/scheduler_experiments.py,d02aad6;d02aad6,2026-09-27裁决：PENDING；成本口径冲突已定位,PENDING
E18,DV/FR扩展与Oracle Gap,候选池扩展,RQ4,开发120,120,3故障率×3seed,S/Static/D/DV/FR,既有执行轨迹；恢复分支待审,Q/C/Pareto/任务oracle,"f30 D.4056,DV.3917,FR.3833；5策略gap9.2/13.9/16.4pp；3策略8.1/12.5/13.3pp",POOL报告SD为sample；表中cost为clean非f30,DV/FR执行gold分支见风险,记录显示任务互补性增长,不能用clean成本证明fault支配；非已实现选择收益,4.4.3,static_dag_v0/adaptive_benchmark/fault_pool/POOL_ANALYSIS.md;static_dag_v0/fault_pool_extension.py,594e9b2;6daff8c,2026-09-27裁决：PENDING；报告路径/前沿措辞有误；有效性待核,PENDING
E19,18配置Exact Pareto,受限空间枚举,RQ4,Y固定，e1/e2=large,120,3seed f30,mr×mv×Z=18,运行反馈，实际评分键有缺陷,QCL/Pareto/epsilon,记录9none=.35；8switch=.391667；mm_switch=.408333；2D3点、3D8点；epsilon报告3→2,质量读取旧键；cost累计基础r/v和新调用；未清faults/共享恢复键风险,不适用；实验当前不支持机制结论,仅能确认JSON数值和形式前沿,不能用当前结果证明有效空间坍缩或Search无必要,4.4.3预留不发布,static_dag_v0/adaptive_benchmark/exact_pareto/CONFIG_RESULTS.json;static_dag_v0/adaptive_benchmark/exact_pareto/VERIFICATION.md;static_dag_v0/exact_pareto.py,9c487a7;d5b5a1e;9c487a7,INVALIDATED旧18配置语义；修复后54组合仅1完整缓存重评，其余53为PENDING；不引用坍缩结论,INVALIDATED
E20,跨任务适用性,冻结任务接口比较,RQ5,Math100/MBPP100,200,单次冻结非3seed故障,Single/Static/Dynamic,Math解析一致性；Code测试,Q/Help-Harm/budget,Math54/15/16%；Code76/74/80%；Code预算违规22/100,"Code D-Static p.0703,CI[1,12]pp；D-Single p.3877；Math D-Static p1",冻结规则；不代表通用泛化,反馈与接口影响恢复可用性,不能称广泛故障泛化或Math纯能力瓶颈,4.5,static_dag_v0/p3_xdomain/P3_CROSS_DOMAIN_RESULTS.json,708b46d,2026-09-27裁决：VALIDATED；可引用精确统计；保留接口失配解释；VALIDATED限已核验的汇总、面板及统计口径，不宣称完成所有底层执行路径审计,VALIDATED
E21,外部适配基线,补充适用性,RQ5,Finance200/Code100,300,冻结适配,RouteLLM/FrugalGPT/SelfRefine-style,各适配规则,Q/tokens,Finance S52.5/Route52.5/Frugal32.5/Self8；Code76/76/81/85；DynamicCode80,Self85 vs D80 p.267见旧稿/审计,适配实现非原论文完整复现,不同接口策略表现,Finance缺Dynamic不能拼120结果,4.5综合表,static_dag_v0/external_baselines/EXTERNAL_BASELINES_RESULTS.json;static_dag_v0/external_baselines/FINAL_EXPERIMENT_AUDIT.json,0278268;bc7a5ed,2026-09-27裁决：VALIDATED；受已有设置限制；VALIDATED限已核验的汇总、面板及统计口径，不宣称完成所有底层执行路径审计,VALIDATED
E22,Adaptive/互补性/历史FLARE,事后边界诊断,RQ3/RQ4,120与88分别列,120/88,不可合并,gold难度规则/LC-MC重放,gold难度或部署失败,Q/oracle/机会,"ADAPTIVE_SIMULATION.md仍含修正前.4083；88历史LC .2045,实际3触发无增益",不能把更新NOTE当已同步全部原文件,oracle否；历史选择仅原面板,提供有限候选选择机会限制,不能复用旧故障数或把局部上界泛化,附录/4.4.3简述,static_dag_v0/adaptive_benchmark/ADAPTIVE_SIMULATION.md;static_dag_v0/adaptive_benchmark/CORRECTION_NOTE_2.md,d3b4b06;d02aad6,2026-09-27裁决：PENDING；Adaptive故障侧旧数隔离；88降为历史补充,PENDING
